종목코드,종목명,대테마
054620,APS,IT·반도체
265520,AP시스템,IT·반도체
000990,DB하이텍,IT·반도체
068790,DMS,IT·반도체
083450,GST,IT·반도체
297890,HB솔루션,IT·반도체
078150,HB테크놀러지,IT·반도체
024850,HLB이노베이션,IT·반도체
403870,HPSP,IT·반도체
095340,ISC,IT·반도체
092220,KEC,IT·반도체
052900,KX하이텍,IT·반도체
061970,LB세미콘,IT·반도체
034220,LG디스플레이,IT·반도체
011070,LG이노텍,IT·반도체
066570,LG전자,IT·반도체
066575,LG전자우,IT·반도체
225190,LK삼양,IT·반도체
108320,LX세미콘,IT·반도체
222160,NPX,IT·반도체
091340,S&K폴리텍,IT·반도체
036540,SFA반도체,IT·반도체
000660,SK하이닉스,IT·반도체
032540,TJ미디어,IT·반도체
078890,가온그룹,IT·반도체
399720,가온칩스,IT·반도체
114190,강원에너지,IT·반도체
009140,경인전자,IT·반도체
098460,고영,IT·반도체
017900,광전자,IT·반도체
0015G0,그린광학,IT·반도체
402490,그린리소스,IT·반도체
001210,금호전기,IT·반도체
420770,기가비스,IT·반도체
417010,나노팀,IT·반도체
137080,나래나노텍,IT·반도체
004270,남성,IT·반도체
253590,네오셈,IT·반도체
033640,네패스,IT·반도체
330860,네패스아크,IT·반도체
351320,넥사다이내믹스,IT·반도체
396270,넥스트칩,IT·반도체
348210,넥스틴,IT·반도체
106520,노블엠앤비,IT·반도체
144960,뉴파워프라즈마,IT·반도체
085670,뉴프렉스,IT·반도체
154040,다산솔루에타,IT·반도체
323350,다원넥스뷰,IT·반도체
008060,대덕,IT·반도체
353200,대덕전자,IT·반도체
290670,대보마그네틱,IT·반도체
078600,대주전자재료,IT·반도체
213420,덕산네오룩스,IT·반도체
317330,덕산테코피아,IT·반도체
077360,덕산하이메탈,IT·반도체
484120,도우인시스,IT·반도체
088130,동아엘텍,IT·반도체
094170,동운아나텍,IT·반도체
032960,동일기연,IT·반도체
005290,동진쎄미켐,IT·반도체
131970,두산테스나,IT·반도체
187870,디바이스,IT·반도체
003160,디아이,IT·반도체
110990,디아이티,IT·반도체
109740,디에스케이,IT·반도체
031860,디에이치엑스컴퍼니,IT·반도체
066900,디에이피,IT·반도체
092070,디엔에프,IT·반도체
043360,디지아이,IT·반도체
187220,디티앤씨,IT·반도체
131180,딜리,IT·반도체
232680,라온로보틱스,IT·반도체
418420,라온텍,IT·반도체
171010,램테크놀러지,IT·반도체
217500,러셀,IT·반도체
092590,럭스피아,IT·반도체
412350,레이저쎌,IT·반도체
071280,로체시스템즈,IT·반도체
020150,롯데에너지머티리얼즈,IT·반도체
038060,루멘스,IT·반도체
162120,루켄테크놀러지스,IT·반도체
058470,리노공업,IT·반도체
098120,마이크로컨텍솔,IT·반도체
424980,마이크로투나노,IT·반도체
093520,매커스,IT·반도체
446540,메가터치,IT·반도체
241770,메카로,IT·반도체
033200,모아텍,IT·반도체
095500,미래나노텍,IT·반도체
254490,미래반도체,IT·반도체
025560,미래산업,IT·반도체
049950,미래컴퍼니,IT·반도체
059090,미코,IT·반도체
038460,바이오스마트,IT·반도체
046310,백금T&A,IT·반도체
177350,베셀,IT·반도체
089970,브이엠,IT·반도체
191600,블루탑,IT·반도체
121800,비덴트,IT·반도체
146320,비씨엔씨,IT·반도체
141000,비아트론,IT·반도체
090460,비에이치,IT·반도체
093190,빅솔론,IT·반도체
072950,빛샘전자,IT·반도체
452430,사피엔반도체,IT·반도체
009150,삼성전기,IT·반도체
009155,삼성전기우,IT·반도체
005930,삼성전자,IT·반도체
005935,삼성전자우,IT·반도체
482630,삼양엔씨켐,IT·반도체
361670,삼영에스앤씨,IT·반도체
032750,삼진,IT·반도체
054090,삼진엘앤디,IT·반도체
011230,삼화전자,IT·반도체
263810,상신전자,IT·반도체
089980,상아프론테크,IT·반도체
252990,샘씨엔에스,IT·반도체
092190,서울바이오시스,IT·반도체
046890,서울반도체,IT·반도체
027040,서울전자통신,IT·반도체
140070,서플러스글로벌,IT·반도체
171090,선익시스템,IT·반도체
045300,성우테크론,IT·반도체
490470,세미파이브,IT·반도체
396300,세아메카닉스,IT·반도체
067770,세진티에스,IT·반도체
053450,세코닉스,IT·반도체
347000,센코,IT·반도체
290690,소룩스,IT·반도체
238500,솔루믹스,IT·반도체
336370,솔루스첨단소재,IT·반도체
248070,솔루엠,IT·반도체
357780,솔브레인,IT·반도체
236200,슈프리마,IT·반도체
094840,슈프리마에이치큐,IT·반도체
033170,시그네틱스,IT·반도체
269620,시스웍,IT·반도체
429270,시지트로닉스,IT·반도체
290520,신도기연,IT·반도체
029530,신도리코,IT·반도체
011930,신성이엔지,IT·반도체
056700,신화인터텍,IT·반도체
222800,심텍,IT·반도체
036710,심텍홀딩스,IT·반도체
234030,싸이닉솔루션,IT·반도체
160980,싸이맥스,IT·반도체
004770,써니전자,IT·반도체
081180,쎄크,IT·반도체
004920,씨아이테크,IT·반도체
264660,씨앤지하이테크,IT·반도체
115530,씨엔플러스,IT·반도체
388210,씨엠티엑스,IT·반도체
123860,아나패스,IT·반도체
008700,아남전자,IT·반도체
149950,아바텍,IT·반도체
143160,아이디스,IT·반도체
054800,아이디스홀딩스,IT·반도체
332370,아이디피,IT·반도체
040910,아이씨디,IT·반도체
368600,아이씨에이치,IT·반도체
052860,아이앤씨,IT·반도체
464500,아이언디바이스,IT·반도체
212710,아이에스티이,IT·반도체
307180,아이엘,IT·반도체
451220,아이엠티,IT·반도체
059100,아이컴포넌트,IT·반도체
149010,아이케이세미콘,IT·반도체
119830,아이텍,IT·반도체
084850,아이티엠반도체,IT·반도체
059120,아진엑스텍,IT·반도체
102950,아하,IT·반도체
297570,알로이스,IT·반도체
096610,알에프세미,IT·반도체
117670,알파칩스,IT·반도체
092600,앤씨앤,IT·반도체
129890,앱코,IT·반도체
255440,야스,IT·반도체
102120,어보브반도체,IT·반도체
101490,에스앤에스텍,IT·반도체
031330,에스에이엠티,IT·반도체
464080,에스오에스랩,IT·반도체
475660,에스켐,IT·반도체
069510,에스텍,IT·반도체
039440,에스티아이,IT·반도체
200710,에이디테크놀로지,IT·반도체
096690,에이루트,IT·반도체
364950,에이아이코리아,IT·반도체
015260,에이엔피,IT·반도체
172670,에이엘티,IT·반도체
445090,에이직랜드,IT·반도체
072990,에이치시티,IT·반도체
044990,에이치엔에스하이텍,IT·반도체
036170,에이치엠넥스,IT·반도체
355690,에이텀,IT·반도체
045660,에이텍,IT·반도체
224110,에이텍모빌리티,IT·반도체
200470,에이팩트,IT·반도체
207490,에이펙스인텍,IT·반도체
262260,에이프로,IT·반도체
036810,에프에스티,IT·반도체
083500,에프엔에스테크,IT·반도체
054940,엑사이엔씨,IT·반도체
317770,엑스페릭스,IT·반도체
092870,엑시콘,IT·반도체
333620,엔시스,IT·반도체
101400,엔시트론,IT·반도체
419080,엔젯,IT·반도체
227950,엔투텍,IT·반도체
096870,엘디티,IT·반도체
311060,엘에이티,IT·반도체
073110,엘엠에스,IT·반도체
083310,엘오티베큠,IT·반도체
489500,엘케이켐,IT·반도체
170920,엘티씨,IT·반도체
226590,엠디바이스,IT·반도체
347890,엠엑스온,IT·반도체
032790,엠젠솔루션,IT·반도체
033160,엠케이전자,IT·반도체
143540,영우디에스피,IT·반도체
250930,예선테크,IT·반도체
122640,예스티,IT·반도체
080520,오디텍,IT·반도체
322310,오로스테크놀로지,IT·반도체
052420,오성첨단소재,IT·반도체
080580,오킨스전자,IT·반도체
049480,오픈베이스,IT·반도체
394280,오픈엣지테크놀로지,IT·반도체
057540,옴니시스템,IT·반도체
082210,옵트론텍,IT·반도체
232140,와이씨,IT·반도체
112290,와이씨켐,IT·반도체
155650,와이엠씨,IT·반도체
209640,와이제이링크,IT·반도체
011690,와이투솔루션,IT·반도체
046970,우리로,IT·반도체
082850,우리바이오,IT·반도체
037400,우리엔터프라이즈,IT·반도체
153490,우리이앤엘하루틴,IT·반도체
396470,워트,IT·반도체
240810,원익IPS,IT·반도체
074600,원익QnC,IT·반도체
030530,원익홀딩스,IT·반도체
101160,월덱스,IT·반도체
348350,위드텍,IT·반도체
036090,위지트,IT·반도체
097800,윈팩,IT·반도체
036200,유니셈,IT·반도체
203450,유니온바이오메트릭스,IT·반도체
077500,유니퀘스트,IT·반도체
086390,유니테스트,IT·반도체
142210,유니트론텍,IT·반도체
089850,유비벨록스,IT·반도체
069330,유아이디,IT·반도체
340930,유일에너테크,IT·반도체
084370,유진테크,IT·반도체
191410,육일씨엔에쓰,IT·반도체
372170,윤성에프앤씨,IT·반도체
469610,이노테크,IT·반도체
272290,이녹스첨단소재,IT·반도체
264850,이랜시스,IT·반도체
131400,이브이첨단소재,IT·반도체
007660,이수페타시스,IT·반도체
102710,이엔에프테크놀로지,IT·반도체
041520,이엘씨,IT·반도체
063760,이엘피,IT·반도체
083470,이엠앤아이,IT·반도체
039030,이오테크닉스,IT·반도체
101140,인바이오젠,IT·반도체
079950,인베니아,IT·반도체
037330,인지디스플레,IT·반도체
083640,인콘,IT·반도체
017250,인터엠,IT·반도체
051370,인터플렉스,IT·반도체
064290,인텍플러스,IT·반도체
020760,일진디스플,IT·반도체
049550,잉크테크,IT·반도체
254120,자비스,IT·반도체
417840,저스템,IT·반도체
217190,제너셈,IT·반도체
079370,제우스,IT·반도체
090470,제이스로보틱스,IT·반도체
033320,제이씨현시스템,IT·반도체
417500,제이아이테크,IT·반도체
452160,제이엔비,IT·반도체
094970,제이엠티,IT·반도체
060230,제이케이시냅스,IT·반도체
089790,제이티,IT·반도체
080220,제주반도체,IT·반도체
082270,젬백스,IT·반도체
036930,주성엔지니어링,IT·반도체
044380,주연테크,IT·반도체
303030,지니틱스,IT·반도체
306620,지아이에스,IT·반도체
382800,지앤비에스 에코,IT·반도체
493330,지에프아이,IT·반도체
311320,지오엘리먼트,IT·반도체
009310,참엔지니어링,IT·반도체
094360,칩스앤미디어,IT·반도체
016920,카스,IT·반도체
029460,케이씨,IT·반도체
281820,케이씨텍,IT·반도체
089150,케이씨티,IT·반도체
093640,케이알엠,IT·반도체
105330,케이엔더블유,IT·반도체
272110,케이엔제이,IT·반도체
455180,케이지에이,IT·반도체
089010,켐트로닉스,IT·반도체
007815,코리아써우,IT·반도체
007810,코리아써키트,IT·반도체
183300,코미코,IT·반도체
089890,코세스,IT·반도체
360350,코셈,IT·반도체
355150,코스텍시스,IT·반도체
169670,코스텍시스템,IT·반도체
121850,코이즈,IT·반도체
052330,코텍,IT·반도체
432720,퀄리타스반도체,IT·반도체
405100,큐알티,IT·반도체
066310,큐에스아이,IT·반도체
136660,큐엠씨,IT·반도체
045520,크린앤사이언스,IT·반도체
219130,타이거일렉,IT·반도체
360070,탑머티리얼,IT·반도체
323280,태성,IT·반도체
052960,태양3C,IT·반도체
950250,테라뷰,IT·반도체
095610,테스,IT·반도체
055490,테이팩스,IT·반도체
064520,테크엘,IT·반도체
089030,테크윙,IT·반도체
054450,텔레칩스,IT·반도체
051360,토비스,IT·반도체
108230,톱텍,IT·반도체
417790,트루엔,IT·반도체
064760,티씨케이,IT·반도체
277880,티에스아이,IT·반도체
131290,티에스이,IT·반도체
425420,티에프이,IT·반도체
356860,티엘비,IT·반도체
413300,티엘엔지니어링,IT·반도체
425040,티이엠씨,IT·반도체
241790,티이엠씨씨엔에스,IT·반도체
084730,팅크웨어,IT·반도체
440110,파두,IT·반도체
368770,파이버프로,IT·반도체
049120,파인디앤씨,IT·반도체
038950,파인디지털,IT·반도체
106240,파인테크닉스,IT·반도체
131760,파인텍,IT·반도체
065690,파커스,IT·반도체
140860,파크시스템스,IT·반도체
168360,펨트론,IT·반도체
318020,포인트모바일,IT·반도체
256630,포인트엔지니어링,IT·반도체
331380,포커스에이아이,IT·반도체
094940,푸른로보틱스,IT·반도체
371950,풍원정밀,IT·반도체
370090,퓨런티어,IT·반도체
445180,퓨릿,IT·반도체
321260,프로이천,IT·반도체
053610,프로텍,IT·반도체
032580,피델릭스,IT·반도체
051380,피씨디렉트,IT·반도체
319660,피에스케이,IT·반도체
031980,피에스케이홀딩스,IT·반도체
239890,피엔에이치테크,IT·반도체
147760,피엠티,IT·반도체
087600,픽셀플러스,IT·반도체
161580,필옵틱스,IT·반도체
347770,핌스,IT·반도체
299030,하나기술,IT·반도체
067310,하나마이크론,IT·반도체
166090,하나머티리얼즈,IT·반도체
365590,하이딥,IT·반도체
065650,하이퍼코퍼레이션,IT·반도체
006200,한국전자홀딩스,IT·반도체
054040,한국컴퓨터,IT·반도체
042700,한미반도체,IT·반도체
114810,한솔아이원스,IT·반도체
004710,한솔테크닉스,IT·반도체
078350,한양디지텍,IT·반도체
045100,한양이엔지,IT·반도체
320000,한울반도체,IT·반도체
457370,한켐,IT·반도체
195870,해성디에스,IT·반도체
092300,현우산업,IT·반도체
127980,화인써키트,IT·반도체
115160,휴맥스,IT·반도체
028080,휴맥스홀딩스,IT·반도체
175140,휴먼테크놀로지,IT·반도체
238490,힘스,IT·반도체
012030,DB,SW·인터넷·게임
418620,E8,SW·인터넷·게임
214270,FSN,SW·인터넷·게임
035600,KG이니시스,SW·인터넷·게임
046440,KG파이낸셜,SW·인터넷·게임
064400,LG씨엔에스,SW·인터넷·게임
322180,LS티라유텍,SW·인터넷·게임
086960,MDS테크,SW·인터넷·게임
035420,NAVER,SW·인터넷·게임
036570,NC,SW·인터넷·게임
181710,NHN,SW·인터넷·게임
060250,NHN KCP,SW·인터넷·게임
034310,NICE,SW·인터넷·게임
063570,NICE인프라,SW·인터넷·게임
184230,SGA솔루션즈,SW·인터넷·게임
357880,SKAI,SW·인터넷·게임
067160,SOOP,SW·인터넷·게임
089230,THE E&M,SW·인터넷·게임
079940,가비아,SW·인터넷·게임
094480,갤럭시아머니트리,SW·인터넷·게임
950190,고스트스튜디오,SW·인터넷·게임
029480,광무,SW·인터넷·게임
242040,나무기술,SW·인터넷·게임
094860,네오리진,SW·인터넷·게임
095660,네오위즈,SW·인터넷·게임
042420,네오위즈홀딩스,SW·인터넷·게임
153460,네이블,SW·인터넷·게임
225570,넥슨게임즈,SW·인터넷·게임
205500,넥써쓰,SW·인터넷·게임
217270,넵튠,SW·인터넷·게임
251270,넷마블,SW·인터넷·게임
486990,노타,SW·인터넷·게임
040160,누리플렉스,SW·인터넷·게임
463020,뉴엔AI,SW·인터넷·게임
064260,다날,SW·인터넷·게임
020180,대신정보통신,SW·인터넷·게임
045390,대아티아이,SW·인터넷·게임
192080,더블유게임즈,SW·인터넷·게임
012510,더존비즈온,SW·인터넷·게임
462860,더즌,SW·인터넷·게임
194480,데브시스터즈,SW·인터넷·게임
263800,데이타솔루션,SW·인터넷·게임
199150,데이터스트림즈,SW·인터넷·게임
030350,드래곤플라이,SW·인터넷·게임
016670,디모아,SW·인터넷·게임
376300,디어유,SW·인터넷·게임
197140,디지캡,SW·인터넷·게임
033130,디지틀조선,SW·인터넷·게임
315640,딥노이드,SW·인터넷·게임
042510,라온시큐어,SW·인터넷·게임
300120,라온피플,SW·인터넷·게임
403360,라피치,SW·인터넷·게임
443250,레뷰코퍼레이션,SW·인터넷·게임
067730,로지시스,SW·인터넷·게임
286940,롯데이노베이트,SW·인터넷·게임
042500,링네트,SW·인터넷·게임
219420,링크제니시스,SW·인터넷·게임
377480,마음AI,SW·인터넷·게임
477850,마키나락스,SW·인터넷·게임
408920,메쎄이상,SW·인터넷·게임
072770,멤레이비티,SW·인터넷·게임
434480,모니터랩,SW·인터넷·게임
348030,모비릭스,SW·인터넷·게임
250060,모비스,SW·인터넷·게임
288980,모아데이타,SW·인터넷·게임
279600,미디어젠,SW·인터넷·게임
007120,미래아이앤지,SW·인터넷·게임
207760,미스터블루,SW·인터넷·게임
201490,미투온,SW·인터넷·게임
301300,바이브컴퍼니,SW·인터넷·게임
331520,밸로프,SW·인터넷·게임
199480,뱅크웨어글로벌,SW·인터넷·게임
438700,버넥트,SW·인터넷·게임
066410,버킷스튜디오,SW·인터넷·게임
424760,벨로크,SW·인터넷·게임
099390,브레인즈컴퍼니,SW·인터넷·게임
064480,브리지텍,SW·인터넷·게임
413640,비아이매트릭스,SW·인터넷·게임
054220,비츠로시스,SW·인터넷·게임
148780,비큐AI,SW·인터넷·게임
307870,비투엔,SW·인터넷·게임
377030,비트맥스,SW·인터넷·게임
049470,비트플래닛,SW·인터넷·게임
466410,사이냅소프트,SW·인터넷·게임
419120,산돌,SW·인터넷·게임
018260,삼성에스디에스,SW·인터넷·게임
411080,샌즈랩,SW·인터넷·게임
039310,세중,SW·인터넷·게임
032680,소프트센,SW·인터넷·게임
032685,소프트센우,SW·인터넷·게임
258790,소프트캠프,SW·인터넷·게임
304100,솔트룩스,SW·인터넷·게임
328380,솔트웨어,SW·인터넷·게임
050960,수산아이앤티,SW·인터넷·게임
298830,슈어소프트테크,SW·인터넷·게임
276040,스코넥,SW·인터넷·게임
340810,시선AI,SW·인터넷·게임
418250,시큐레터,SW·인터넷·게임
131090,시큐브,SW·인터넷·게임
462870,시프트업,SW·인터넷·게임
035510,신세계 I&C,SW·인터넷·게임
444530,심플랫폼,SW·인터넷·게임
356890,싸이버원,SW·인터넷·게임
208640,썸에이지,SW·인터넷·게임
189330,씨이랩,SW·인터넷·게임
267850,아시아나IDT,SW·인터넷·게임
403810,아이엘로보틱스,SW·인터넷·게임
262840,아이퀘스트,SW·인터넷·게임
052770,아이톡시,SW·인터넷·게임
124500,아이티센글로벌,SW·인터넷·게임
031820,아이티센씨티에스,SW·인터넷·게임
010280,아이티센엔텍,SW·인터넷·게임
243870,아이티센코어,SW·인터넷·게임
232830,아이티센피엔에스,SW·인터넷·게임
372800,아이티아이즈,SW·인터넷·게임
0007C0,아크릴,SW·인터넷·게임
158430,아톤,SW·인터넷·게임
053800,안랩,SW·인터넷·게임
131370,알서포트,SW·인터넷·게임
347860,알체라,SW·인터넷·게임
052790,액토즈소프트,SW·인터넷·게임
038680,에스넷,SW·인터넷·게임
275630,에스에스알,SW·인터넷·게임
488280,에스투더블유,SW·인터넷·게임
234300,에스트래픽,SW·인터넷·게임
443670,에스피소프트,SW·인터넷·게임
064850,에프앤가이드,SW·인터넷·게임
317530,에피소드컴퍼니,SW·인터넷·게임
205100,엑셈,SW·인터넷·게임
356680,엑스게이트,SW·인터넷·게임
069410,엔텔스,SW·인터넷·게임
058630,엠게임,SW·인터넷·게임
058970,엠로,SW·인터넷·게임
169330,엠브레인,SW·인터넷·게임
373170,엠아이큐브솔루션,SW·인터넷·게임
060850,영림원소프트랩,SW·인터넷·게임
417860,오브젠,SW·인터넷·게임
352910,오비고,SW·인터넷·게임
053980,오상자이엘,SW·인터넷·게임
173130,오파스넷,SW·인터넷·게임
096250,와이즈넛,SW·인터넷·게임
336060,웨이버스,SW·인터넷·게임
069080,웹젠,SW·인터넷·게임
053580,웹케시,SW·인터넷·게임
112040,위메이드,SW·인터넷·게임
101730,위메이드맥스,SW·인터넷·게임
123420,위메이드플레이,SW·인터넷·게임
065370,위세아이텍,SW·인터넷·게임
136540,윈스테크넷,SW·인터넷·게임
121060,유니포인트,SW·인터넷·게임
389680,유디엠텍,SW·인터넷·게임
088340,유라클,SW·인터넷·게임
495810,유비씨,SW·인터넷·게임
072130,유엔젤,SW·인터넷·게임
067920,이글루,SW·인터넷·게임
303530,이노뎁,SW·인터넷·게임
274400,이노시뮬레이션,SW·인터넷·게임
296640,이노에이엑스,SW·인터넷·게임
333050,이노테나,SW·인터넷·게임
053350,이니텍,SW·인터넷·게임
065440,이루온,SW·인터넷·게임
351330,이삭엔지니어링,SW·인터넷·게임
047560,이스트소프트,SW·인터넷·게임
239340,이스트에이드,SW·인터넷·게임
067010,이씨에스,SW·인터넷·게임
261520,이지스,SW·인터넷·게임
033230,인성정보,SW·인터넷·게임
450520,인스웨이브,SW·인터넷·게임
465480,인스피언,SW·인터넷·게임
100030,인지소프트,SW·인터넷·게임
311960,인터로이드,SW·인터넷·게임
070590,인티큐브,SW·인터넷·게임
115310,인포바인,SW·인터넷·게임
039290,인포뱅크,SW·인터넷·게임
289220,자이언트스텝,SW·인터넷·게임
045510,정원엔시스,SW·인터넷·게임
067000,조이시티,SW·인터넷·게임
263860,지니언스,SW·인터넷·게임
208350,지란지교시큐리티,SW·인터넷·게임
446840,지슨,SW·인터넷·게임
035720,카카오,SW·인터넷·게임
293490,카카오게임즈,SW·인터넷·게임
377300,카카오페이,SW·인터넷·게임
042000,카페24,SW·인터넷·게임
078340,컴투스,SW·인터넷·게임
063080,컴투스홀딩스,SW·인터넷·게임
038530,케이바이오랩스,SW·인터넷·게임
192250,케이사인,SW·인터넷·게임
431190,케이쓰리아이,SW·인터넷·게임
115500,케이씨에스,SW·인터넷·게임
093320,케이아이엔엑스,SW·인터넷·게임
039420,케이엘넷,SW·인터넷·게임
068100,케이웨더,SW·인터넷·게임
052400,코나아이,SW·인터넷·게임
402030,코난테크놀로지,SW·인터넷·게임
391710,코닉오토메이션,SW·인터넷·게임
294570,쿠콘,SW·인터넷·게임
355390,크라우드웍스,SW·인터넷·게임
259960,크래프톤,SW·인터넷·게임
040350,크레오에스지,SW·인터넷·게임
139670,키네마스터,SW·인터넷·게임
020120,키다리스튜디오,SW·인터넷·게임
134580,탑코미디어,SW·인터넷·게임
078000,텔코웨어,SW·인터넷·게임
393210,토마토시스템,SW·인터넷·게임
079970,투비소프트,SW·인터넷·게임
290090,트윔,SW·인터넷·게임
057680,티사이언티픽,SW·인터넷·게임
204610,티쓰리,SW·인터넷·게임
217880,틸론,SW·인터넷·게임
290560,파라택시스이더리움,SW·인터넷·게임
150900,파수AI,SW·인터넷·게임
202960,판도라티비,SW·인터넷·게임
266350,팡스카이,SW·인터넷·게임
263750,펄어비스,SW·인터넷·게임
022100,포스코DX,SW·인터넷·게임
189690,포시에스,SW·인터넷·게임
039980,폴라리스AI,SW·인터넷·게임
367000,플래티어,SW·인터넷·게임
075130,플랜티넷,SW·인터넷·게임
023770,플레이위드,SW·인터넷·게임
300080,플리토,SW·인터넷·게임
452450,피아이이,SW·인터넷·게임
291810,핀텔,SW·인터넷·게임
163730,핑거,SW·인터넷·게임
417180,핑거스토리,SW·인터넷·게임
041460,한국전자인증,SW·인터넷·게임
053300,한국정보인증,SW·인터넷·게임
025770,한국정보통신,SW·인터넷·게임
030520,한글과컴퓨터,SW·인터넷·게임
052600,한네트,SW·인터넷·게임
047080,한빛소프트,SW·인터넷·게임
430690,한싹,SW·인터넷·게임
408470,한패스,SW·인터넷·게임
220180,핸디소프트,SW·인터넷·게임
214180,헥토이노베이션,SW·인터넷·게임
234340,헥토파이낸셜,SW·인터넷·게임
307950,현대오토에버,SW·인터넷·게임
290270,휴네시온,SW·인터넷·게임
056730,CNT85,건설·부동산
375500,DL이앤씨,건설·부동산
365550,ESR켄달스퀘어리츠,건설·부동산
006360,GS건설,건설·부동산
225530,HC보광산업,건설·부동산
060560,HC홈센타,건설·부동산
012630,HDC,건설·부동산
039570,HDC랩스,건설·부동산
097230,HJ중공업,건설·부동산
014790,HL D&I,건설·부동산
002460,HS화성,건설·부동산
294870,IPARK현대산업개발,건설·부동산
204210,JK리버스톤리츠,건설·부동산
415640,KB발해인프라,건설·부동산
432320,KB스타리츠,건설·부동산
002380,KCC,건설·부동산
021320,KCC건설,건설·부동산
344820,KCC글라스,건설·부동산
112190,KC산업,건설·부동산
044180,KD,건설·부동산
060370,LS마린솔루션,건설·부동산
108670,LX하우시스,건설·부동산
108675,LX하우시스우,건설·부동산
400760,NH올원리츠,건설·부동산
338100,NH프라임리츠,건설·부동산
008260,NI스틸,건설·부동산
255220,SG,건설·부동산
016250,SGC E&C,건설·부동산
210980,SK디앤디,건설·부동산
395400,SK리츠,건설·부동산
000390,SP삼화,건설·부동산
000860,강남제비스코,건설·부동산
198440,강동씨앤엘,건설·부동산
013580,계룡건설,건설·부동산
066620,국보디자인,건설·부동산
006050,국영지앤엠,건설·부동산
186230,그린플러스,건설·부동산
014280,금강공업,건설·부동산
014285,금강공업우,건설·부동산
002990,금호건설,건설·부동산
002995,금호건설우,건설·부동산
036190,금화피에스시,건설·부동산
013700,까뮤이앤씨,건설·부동산
001260,남광토건,건설·부동산
091590,남화토건,건설·부동산
090350,노루페인트,건설·부동산
090355,노루페인트우,건설·부동산
000320,노루홀딩스,건설·부동산
000325,노루홀딩스우,건설·부동산
069140,누리플랜,건설·부동산
060260,뉴보텍,건설·부동산
058730,다스코,건설·부동산
005750,대림바스,건설·부동산
006570,대림통상,건설·부동산
047040,대우건설,건설·부동산
007680,대원,건설·부동산
224060,더코디,건설·부동산
090410,덕신이피씨,건설·부동산
002150,도화엔지니어링,건설·부동산
005960,동부건설,건설·부동산
005965,동부건설우,건설·부동산
025950,동신건설,건설·부동산
028100,동아지질,건설·부동산
001520,동양,건설·부동산
001527,동양2우B,건설·부동산
001525,동양우,건설·부동산
228340,동양파일,건설·부동산
013120,동원개발,건설·부동산
025900,동화기업,건설·부동산
377190,디앤디플랫폼리츠,건설·부동산
171120,라이온켐텍,건설·부동산
266170,레드우즈,건설·부동산
330590,롯데리츠,건설·부동산
357430,마스턴프리미어리츠,건설·부동산
088980,맥쿼리인프라,건설·부동산
094800,맵스리얼티,건설·부동산
006920,모헨즈,건설·부동산
396690,미래에셋글로벌리츠,건설·부동산
357250,미래에셋맵스리츠,건설·부동산
002410,범양건영,건설·부동산
206400,베노티앤알,건설·부동산
007210,벽산,건설·부동산
011390,부산산업,건설·부동산
033560,블루콤,건설·부동산
018310,삼목에스폼,건설·부동산
001470,삼부토건,건설·부동산
028050,삼성E&A,건설·부동산
448730,삼성FN리츠,건설·부동산
002290,삼일기업공사,건설·부동산
004440,삼일씨엔에스,건설·부동산
038500,삼표시멘트,건설·부동산
010960,삼호개발,건설·부동산
042940,상지건설,건설·부동산
079650,서산,건설·부동산
011370,서한,건설·부동산
065710,서호전기,건설·부동산
035890,서희건설,건설·부동산
003100,선광,건설·부동산
037350,성도이엔지,건설·부동산
004980,성신양회,건설·부동산
004985,성신양회우,건설·부동산
011560,세보엠이씨,건설·부동산
049180,셀루메드,건설·부동산
013810,스페코,건설·부동산
001000,신라섬유,건설·부동산
017000,신원종합개발,건설·부동산
481850,신한글로벌액티브리츠,건설·부동산
404990,신한서부티엔디리츠,건설·부동산
293940,신한알파리츠,건설·부동산
002030,아세아,건설·부동산
183190,아세아시멘트,건설·부동산
010780,아이에스동서,건설·부동산
085810,알티캐스트,건설·부동산
224810,엄지하우스,건설·부동산
121890,에스디시스템,건설·부동산
109610,에스와이,건설·부동산
365330,에스와이스틸텍,건설·부동산
023960,에쓰씨엔지니어링,건설·부동산
140910,에이리츠,건설·부동산
234070,에이원큐브텍,건설·부동산
475230,엔알비,건설·부동산
052300,오션인더블유,건설·부동산
079000,와토스코리아,건설·부동산
046940,우원개발,건설·부동산
010400,우진아이엔에스,건설·부동산
065950,웰크론,건설·부동산
076080,웰크론한텍,건설·부동산
038620,위즈코프,건설·부동산
192390,윈하이텍,건설·부동산
446070,유니드비티플러스,건설·부동산
000910,유니온,건설·부동산
054930,유신,건설·부동산
023410,유진기업,건설·부동산
008250,이건산업,건설·부동산
039020,이건홀딩스,건설·부동산
088260,이리츠코크렙,건설·부동산
015020,이스타코,건설·부동산
350520,이지스레지던스리츠,건설·부동산
334890,이지스밸류플러스리츠,건설·부동산
001840,이화공영,건설·부동산
013360,일성건설,건설·부동산
007110,일신석재,건설·부동산
094820,일진파워,건설·부동산
317400,자이에스앤디,건설·부동산
348950,제이알글로벌리츠,건설·부동산
254160,제이엠멀티,건설·부동산
418550,제이오,건설·부동산
038010,제일테크노스,건설·부동산
004910,조광페인트,건설·부동산
076340,지에이이노더스,건설·부동산
002780,진흥기업,건설·부동산
002787,진흥기업2우B,건설·부동산
002785,진흥기업우B,건설·부동산
145270,케이탑리츠,건설·부동산
417310,코람코더원리츠,건설·부동산
357120,코람코라이프인프라리츠,건설·부동산
003070,코오롱글로벌,건설·부동산
003075,코오롱글로벌우,건설·부동산
009410,태영건설,건설·부동산
009415,태영건설우,건설·부동산
045340,토탈소프트,건설·부동산
026150,특수건설,건설·부동산
004870,티웨이홀딩스,건설·부동산
022220,티케이지애강,건설·부동산
035200,프럼파스트,건설·부동산
227100,프로브잇,건설·부동산
041590,플래스크,건설·부동산
005430,한국공항,건설·부동산
123890,한국자산신탁,건설·부동산
023350,한국종합기술,건설·부동산
034830,한국토지신탁,건설·부동산
053690,한미글로벌,건설·부동산
066980,한성크린텍,건설·부동산
025750,한솔홈데코,건설·부동산
004960,한신공영,건설·부동산
300720,한일시멘트,건설·부동산
003300,한일홀딩스,건설·부동산
005110,한창,건설·부동산
451800,한화리츠,건설·부동산
000720,현대건설,건설·부동산
000725,현대건설우,건설·부동산
037440,희림,건설·부동산
053290,NE능률,교육
057030,YBM넷,교육
035290,골드앤에스,교육
019680,대교,교육
019685,대교우B,교육
373160,데이원컴퍼니,교육
068930,디지털대성,교육
215100,로보로보,교육
067280,멀티캠퍼스,교육
072870,메가스터디,교육
215200,메가스터디교육,교육
133750,메가엠디,교육
208890,미래엔에듀파트너,교육
457600,벡트,교육
100220,비상교육,교육
339950,아이비김영,교육
461300,아이스크림미디어,교육
289010,아이스크림에듀,교육
475580,에이럭스,교육
095720,웅진씽크빅,교육
084440,유비온,교육
134060,이퓨쳐,교육
040420,정상제이엘에스,교육
096240,크레버스,교육
138930,BNK금융지주,금융
477760,DB금융스팩12호,금융
005830,DB손해보험,금융
016610,DB증권,금융
241520,DSC인베스트먼트,금융
440290,HB인베스트먼트,금융
467930,IBKS제23호스팩,금융
469480,IBKS제24호스팩,금융
175330,JB금융지주,금융
105560,KB금융,금융
464680,KB제27호스팩,금융
478390,KB제29호스팩,금융
486630,KB제30호스팩,금융
492220,KB제31호스팩,금융
309960,LB인베스트먼트,금융
000680,LS네트웍스,금융
078020,LS증권,금융
005940,NH투자증권,금융
005945,NH투자증권우,금융
019550,SBI인베스트먼트,금융
001510,SK증권,금융
001515,SK증권우,금융
289080,SV인베스트먼트,금융
246690,TS인베스트먼트,금융
139130,iM금융지주,금융
465320,교보15호스팩,금융
482520,교보16호스팩,금융
489210,교보17호스팩,금융
030610,교보증권,금융
204620,글로벌텍스프리,금융
024110,기업은행,금융
293580,나우IB,금융
030210,다올투자증권,금융
023590,다우기술,금융
032190,다우데이타,금융
027830,대성창투,금융
471050,대신밸런스제17호스팩,금융
482690,대신밸런스제19호스팩,금융
003540,대신증권,금융
003547,대신증권2우B,금융
003545,대신증권우,금융
082640,동양생명,금융
489730,디비금융제13호스팩,금융
000400,롯데손해보험,금융
277070,린드먼아시아,금융
179720,머니무브,금융
138040,메리츠금융지주,금융
021880,메이슨캐피탈,금융
100790,미래에셋벤처투자,금융
477380,미래에셋비전스팩4호,금융
477470,미래에셋비전스팩5호,금융
478440,미래에셋비전스팩6호,금융
482680,미래에셋비전스팩7호,금융
085620,미래에셋생명,금융
006800,미래에셋증권,금융
006805,미래에셋증권우,금융
001270,부국증권,금융
001275,부국증권우,금융
032830,삼성생명,금융
016360,삼성증권,금융
029780,삼성카드,금융
000810,삼성화재,금융
000815,삼성화재우,금융
038540,상상인,금융
001290,상상인증권,금융
031210,서울보증보험,금융
330730,스톤브릿지벤처스,금융
026890,스틱인베스트먼트,금융
472220,신영스팩10호,금융
001720,신영증권,금융
474660,신한제12호스팩,금융
474930,신한제13호스팩,금융
487360,신한제14호스팩,금융
487830,신한제15호스팩,금융
496070,신한제16호스팩,금융
055550,신한지주,금융
462980,아이지넷,금융
027360,아주IB투자,금융
472230,에스케이증권제11호스팩,금융
473000,에스케이증권제12호스팩,금융
473950,에스케이증권제13호스팩,금융
477340,에이치엠씨제7호스팩,금융
021080,에이티넘인베스트,금융
244920,에이플러스에셋,금융
451700,엔에이치스팩29호,금융
481890,엔에이치스팩31호,금융
316140,우리금융지주,금융
041190,우리기술투자,금융
473050,유안타제15호스팩,금융
474490,유안타제16호스팩,금융
493790,유안타제17호스팩,금융
003470,유안타증권,금융
003475,유안타증권우,금융
468760,유진스팩10호,금융
488060,유진스팩11호,금융
001200,유진투자증권,금융
003460,유화증권,금융
003465,유화증권우,금융
478110,이베스트스팩6호,금융
211050,인카금융서비스,금융
006220,제주은행,금융
323410,카카오뱅크,금융
452300,캡스톤파트너스,금융
307930,컴퍼니케이,금융
279570,케이뱅크,금융
064820,케이프,금융
190650,코리아에셋투자증권,금융
003690,코리안리,금융
016600,큐캐피탈,금융
487720,키움제10호스팩,금융
489480,키움제11호스팩,금융
039490,키움증권,금융
466690,키움히어로제1호스팩,금융
007330,푸른저축은행,금융
019570,플루토스,금융
469880,하나30호스팩,금융
469900,하나31호스팩,금융
475240,하나32호스팩,금융
475250,하나33호스팩,금융
484130,하나34호스팩,금융
086790,하나금융지주,금융
071050,한국금융지주,금융
071055,한국금융지주우,금융
464440,한국제13호스팩,금융
479880,한국제15호스팩,금융
023760,한국캐피탈,금융
001750,한양증권,금융
001755,한양증권우,금융
088350,한화생명,금융
000370,한화손해보험,금융
003530,한화투자증권,금융
003535,한화투자증권우,금융
498390,한화플러스제5호스팩,금융
001500,현대차증권,금융
001450,현대해상,금융
000540,흥국화재,금융
000545,흥국화재우,금융
060310,3S,기계·산업재
079810,APS이노베이션,기계·산업재
001040,CJ,기계·산업재
001045,CJ우,기계·산업재
015590,DKME,기계·산업재
001250,GS글로벌,기계·산업재
267270,HD건설기계,기계·산업재
322000,HD현대에너지솔루션,기계·산업재
267260,HD현대일렉트릭,기계·산업재
487570,HS효성,기계·산업재
024840,KBI메탈,기계·산업재
009440,KC그린홀딩스,기계·산업재
119650,KC코트렐,기계·산업재
058850,KTcs,기계·산업재
058860,KTis,기계·산업재
122450,KX,기계·산업재
036560,KZ정밀,기계·산업재
003550,LG,기계·산업재
373220,LG에너지솔루션,기계·산업재
003555,LG우,기계·산업재
006260,LS,기계·산업재
010120,LS ELECTRIC,기계·산업재
417200,LS머트리얼즈,기계·산업재
229640,LS에코에너지,기계·산업재
001120,LX인터내셔널,기계·산업재
383800,LX홀딩스,기계·산업재
030190,NICE평가정보,기계·산업재
099220,SDN,기계·산업재
005090,SGC에너지,기계·산업재
001740,SK네트웍스,기계·산업재
402340,SK스퀘어,기계·산업재
260870,SK시그넷,기계·산업재
361610,SK아이이테크놀로지,기계·산업재
100090,SK오션플랜트,기계·산업재
475150,SK이터닉스,기계·산업재
100840,SNT에너지,기계·산업재
011810,STX,기계·산업재
048770,TPC로보틱스,기계·산업재
002900,TYM,기계·산업재
000500,가온전선,기계·산업재
049720,고려신용정보,기계·산업재
017040,광명전기,기계·산업재
282720,금양그린파워,기계·산업재
092440,기신정기,기계·산업재
051490,나라엠앤디,기계·산업재
459510,나우로보틱스,기계·산업재
130580,나이스디앤비,기계·산업재
036800,나이스정보통신,기계·산업재
267320,나인테크,기계·산업재
089140,넥스턴앤롤코리아,기계·산업재
348340,뉴로메카,기계·산업재
012340,뉴인텍,기계·산업재
068240,다원시스,기계·산업재
000490,대동,기계·산업재
008830,대동기어,기계·산업재
389260,대명에너지,기계·산업재
317850,대모,기계·산업재
129920,대성하이텍,기계·산업재
006340,대원전선,기계·산업재
006345,대원전선우,기계·산업재
114920,대주이엔티,기계·산업재
393970,대진첨단소재,기계·산업재
015230,대창단조,기계·산업재
001440,대한전선,기계·산업재
393890,더블유씨피,기계·산업재
100130,동국S&C,기계·산업재
079960,동양이엔피,기계·산업재
109860,동일금속,기계·산업재
000150,두산,기계·산업재
000157,두산2우B,기계·산업재
454910,두산로보틱스,기계·산업재
241560,두산밥캣,기계·산업재
034020,두산에너빌리티,기계·산업재
000155,두산우,기계·산업재
336260,두산퓨얼셀,기계·산업재
203650,드림시큐리티,기계·산업재
196490,디에이테크놀로지,기계·산업재
210540,디와이파워,기계·산업재
104460,디와이피엔에프,기계·산업재
105740,디케이락,기계·산업재
277810,레인보우로보틱스,기계·산업재
090360,로보스타,기계·산업재
108490,로보티즈,기계·산업재
004990,롯데지주,기계·산업재
377450,리파인,기계·산업재
474650,링크솔루션,기계·산업재
090370,메타랩스,기계·산업재
417970,모델솔루션,기계·산업재
452200,민테크,기계·산업재
382900,범한퓨얼셀,기계·산업재
006910,보성파워텍,기계·산업재
496320,본시스템즈,기계·산업재
008470,부스타,기계·산업재
251630,브이원텍,기계·산업재
126340,비나텍,기계·산업재
083650,비에이치아이,기계·산업재
086670,비엠티,기계·산업재
082920,비츠로셀,기계·산업재
042370,비츠로테크,기계·산업재
143240,사람인,기계·산업재
062040,산일전기,기계·산업재
012210,삼미금속,기계·산업재
006400,삼성SDI,기계·산업재
006405,삼성SDI우,기계·산업재
028260,삼성물산,기계·산업재
005680,삼영전자,기계·산업재
004380,삼익THK,기계·산업재
009470,삼화전기,기계·산업재
001820,삼화콘덴서,기계·산업재
091580,상신이디피,기계·산업재
107600,새빗켐,기계·산업재
294630,서남,기계·산업재
100660,서암기계공업,기계·산업재
036120,서울평가정보,기계·산업재
189860,서전기전,기계·산업재
178320,서진시스템,기계·산업재
007610,선도전기,기계·산업재
014620,성광벤드,기계·산업재
014910,성문전자,기계·산업재
014915,성문전자우,기계·산업재
458650,성우,기계·산업재
365340,성일하이텍,기계·산업재
043260,성호전자,기계·산업재
017510,세명전기,기계·산업재
068940,셀피글로벌,기계·산업재
036830,솔브레인홀딩스,기계·산업재
017550,수산세보틱스,기계·산업재
126720,수산인더스트리,기계·산업재
099440,스맥,기계·산업재
416180,신성에스티,기계·산업재
138070,신진에스엠,기계·산업재
187270,신화콘텍,기계·산업재
095190,신화프리텍,기계·산업재
243840,신흥에스이씨,기계·산업재
217320,썬테크,기계·산업재
475400,씨메스로보틱스,기계·산업재
222080,씨아이에스,기계·산업재
297090,씨에스베어링,기계·산업재
112610,씨에스윈드,기계·산업재
480370,씨케이솔루션,기계·산업재
413630,씨피시스템,기계·산업재
083930,아바코,기계·산업재
036010,아비코전자,기계·산업재
050860,아세아텍,기계·산업재
159010,아스플로,기계·산업재
122900,아이마켓코리아,기계·산업재
469750,아이비젼웍스,기계·산업재
140670,알에스오토메이션,기계·산업재
138360,앤로보틱스,기계·산업재
270520,앱튼,기계·산업재
030960,양지사,기계·산업재
019990,에너토크,기계·산업재
389500,에스비비테크,기계·산업재
042110,에스씨디,기계·산업재
095910,에스에너지,기계·산업재
056190,에스에프에이,기계·산업재
012750,에스원,기계·산업재
288620,에스프리즘,기계·산업재
317830,에스피시스템스,기계·산업재
058610,에스피지,기계·산업재
043340,에쎈테크,기계·산업재
195990,에이비프로바이오,기계·산업재
060900,에이전트AI,기계·산업재
148930,에이치와이티씨,기계·산업재
044780,에이치케이,기계·산업재
071670,에이테크솔루션,기계·산업재
038870,에코심플렉스,기계·산업재
448280,에코아이,기계·산업재
450080,에코프로머티,기계·산업재
247540,에코프로비엠,기계·산업재
383310,에코프로에이치엔,기계·산업재
0004V0,엔비알모션,기계·산업재
224760,엔에스컴퍼니,기계·산업재
348370,엔켐,기계·산업재
276240,엘리비젼,기계·산업재
066970,엘앤에프,기계·산업재
007820,엠엑스로보틱스,기계·산업재
413390,엠오티,기계·산업재
259630,엠플러스,기계·산업재
046120,오르비텍,기계·산업재
440320,오픈놀,기계·산업재
273640,와이엠텍,기계·산업재
019210,와이지-원,기계·산업재
101170,우림피티에스,기계·산업재
101970,우양에이치씨,기계·산업재
105840,우진,기계·산업재
457550,우진엔텍,기계·산업재
049800,우진플라임,기계·산업재
217820,원익피앤이,기계·산업재
136150,원일티엔아이,기계·산업재
382840,원준,기계·산업재
376980,원티드랩,기계·산업재
043590,웰킵스하이텍,기계·산업재
479960,위너스일렉,기계·산업재
018000,유니슨,기계·산업재
388720,유일로보틱스,기계·산업재
056080,유진로봇,기계·산업재
240600,유진테크놀로지,기계·산업재
302430,이노메트리,기계·산업재
279060,이노벡스,기계·산업재
452400,이닉스,기계·산업재
208850,이비테크,기계·산업재
379390,이성씨엔아이,기계·산업재
074610,이엔플러스,기계·산업재
232530,이엠티,기계·산업재
377330,이지트로닉스,기계·산업재
092130,이크레더블,기계·산업재
060150,인선이엔티,기계·산업재
103590,일진전기,기계·산업재
015860,일진홀딩스,기계·산업재
043910,자연과환경,기계·산업재
079900,전진건설로봇,기계·산업재
381620,제닉스로보틱스,기계·산업재
147830,제룡산업,기계·산업재
033100,제룡전기,기계·산업재
137950,제이씨케미칼,기계·산업재
033050,제이엠아이,기계·산업재
412540,제일엠앤에스,기계·산업재
199820,제일일렉트릭,기계·산업재
382480,지아이텍,기계·산업재
119850,지엔씨에너지,기계·산업재
388050,지투파워,기계·산업재
036890,진성티이씨,기계·산업재
0011T0,채비,기계·산업재
278280,천보,기계·산업재
313760,캐리,기계·산업재
053080,케이엔솔,기계·산업재
199430,케이엔알시스템,기계·산업재
432470,케이엔에스,기계·산업재
024880,케이피에프,기계·산업재
049430,코메론,기계·산업재
439960,코스모로보틱스,기계·산업재
002020,코오롱,기계·산업재
002025,코오롱우,기계·산업재
282880,코윈테크,기계·산업재
126730,코칩,기계·산업재
377460,큐에이드,기계·산업재
466100,클로봇,기계·산업재
475430,키스트론,기계·산업재
180060,탑선,기계·산업재
023160,태광,기계·산업재
044490,태웅,기계·산업재
073640,테라사이언스,기계·산업재
117730,티로보틱스,기계·산업재
125020,티씨머티리얼즈,기계·산업재
043220,티에스넥스젠,기계·산업재
484810,티엑스알로보틱스,기계·산업재
033540,파라텍,기계·산업재
043200,파루,기계·산업재
037030,파워넷,기계·산업재
119500,포메탈,기계·산업재
105760,포스뱅크,기계·산업재
047050,포스코인터내셔널,기계·산업재
053160,프리엠스,기계·산업재
033790,피노,기계·산업재
237750,피앤씨테크,기계·산업재
002230,피에스텍,기계·산업재
137400,피엔티,기계·산업재
257370,피엔티엠에스,기계·산업재
378340,필에너지,기계·산업재
101670,하이드로리튬,기계·산업재
013030,하이록코리아,기계·산업재
160190,하이젠알앤엠,기계·산업재
034950,한국기업평가,기계·산업재
101680,한국정밀기계,기계·산업재
452190,한빛레이저,기계·산업재
452280,한선엔지니어링,기계·산업재
004150,한솔홀딩스,기계·산업재
011700,한신기계,기계·산업재
107640,한중엔시에스,기계·산업재
098070,한텍,기계·산업재
000880,한화,기계·산업재
009830,한화솔루션,기계·산업재
009835,한화솔루션우,기계·산업재
059270,해성에어로보틱스,기계·산업재
319400,현대무벡스,기계·산업재
041440,현대에버다임,기계·산업재
017800,현대엘리베이터,기계·산업재
090850,현대이지웰,기계·산업재
005440,현대지에프홀딩스,기계·산업재
011760,현대코퍼레이션,기계·산업재
003010,혜인,기계·산업재
039610,화성밸브,기계·산업재
010660,화천기계,기계·산업재
000850,화천기공,기계·산업재
004800,효성,기계·산업재
094280,효성ITX,기계·산업재
298040,효성중공업,기계·산업재
090710,휴림로봇,기계·산업재
010240,흥국,기계·산업재
079160,CJ CGV,미디어·엔터
035760,CJ ENM,미디어·엔터
035000,HS애드,미디어·엔터
035900,JYP Ent.,미디어·엔터
058400,KNN,미디어·엔터
089600,KT나스미디어,미디어·엔터
418470,KT밀리의서재,미디어·엔터
043610,KT지니뮤직,미디어·엔터
037560,LG헬로비전,미디어·엔터
476080,M83,미디어·엔터
160550,NEW,미디어·엔터
104200,NHN벅스,미디어·엔터
419530,SAMG엔터,미디어·엔터
034120,SBS,미디어·엔터
048550,SM C&C,미디어·엔터
063440,SM Life Design,미디어·엔터
037270,YG PLUS,미디어·엔터
040300,YTN,미디어·엔터
052220,iMBC,미디어·엔터
473980,노머스,미디어·엔터
464580,닷밀,미디어·엔터
048910,대원미디어,미디어·엔터
302920,더콘텐츠온,미디어·엔터
403850,더핑크퐁컴퍼니,미디어·엔터
206560,덱스터,미디어·엔터
060570,드림어스컴퍼니,미디어·엔터
362990,드림인사이트,미디어·엔터
263720,디앤씨미디어,미디어·엔터
363260,모비데이즈,미디어·엔터
035620,바른손이앤에이,미디어·엔터
369370,블리츠웨이엔터테인먼트,미디어·엔터
050090,비케이홀딩스,미디어·엔터
044480,빌리언스,미디어·엔터
068290,삼성출판사,미디어·엔터
046390,삼화네트웍스,미디어·엔터
086980,쇼박스,미디어·엔터
084180,수성웹툰,미디어·엔터
053210,스카이라이프,미디어·엔터
253450,스튜디오드래곤,미디어·엔터
408900,스튜디오미르,미디어·엔터
066790,씨씨에스,미디어·엔터
012170,아센디오,미디어·엔터
127710,아시아경제,미디어·엔터
078860,아이오케이이엔엠,미디어·엔터
200350,아티스트스튜디오,미디어·엔터
321820,아티스트컴퍼니,미디어·엔터
361570,알비더블유,미디어·엔터
310200,애니플러스,미디어·엔터
397810,애드포러스,미디어·엔터
041510,에스엠,미디어·엔터
458350,에스팀,미디어·엔터
241840,에이스토리,미디어·엔터
173940,에프엔씨엔터,미디어·엔터
236810,엔비티,미디어·엔터
291230,엔피,미디어·엔터
036000,예림당,미디어·엔터
010470,오리콤,미디어·엔터
432430,와이랩,미디어·엔터
273060,와이즈버즈,미디어·엔터
122870,와이지엔터테인먼트,미디어·엔터
016880,웅진,미디어·엔터
299900,위지윅스튜디오,미디어·엔터
214320,이노션,미디어·엔터
123570,이엠넷,미디어·엔터
216050,인크로스,미디어·엔터
030000,제일기획,미디어·엔터
351870,차이커뮤니케이션,미디어·엔터
047820,초록뱀미디어,미디어·엔터
210120,캔버스엔,미디어·엔터
322780,코퍼스코리아,미디어·엔터
036420,콘텐트리중앙,미디어·엔터
182360,큐브엔터,미디어·엔터
054780,키이스트,미디어·엔터
476710,타조이엔터테인먼트,미디어·엔터
033830,티비씨,미디어·엔터
131100,티엔엔터테인먼트,미디어·엔터
032800,판타지오,미디어·엔터
068050,팬엔터테인먼트,미디어·엔터
389140,포바이포,미디어·엔터
237820,플레이디,미디어·엔터
352820,하이브,미디어·엔터
039340,한국경제TV,미디어·엔터
058450,한주에이알티,미디어·엔터
000120,CJ대한통운,방산·조선·항공
009540,HD한국조선해양,방산·조선·항공
267250,HD현대,방산·조선·항공
443060,HD현대마린솔루션,방산·조선·항공
071970,HD현대마린엔진,방산·조선·항공
329180,HD현대중공업,방산·조선·항공
011200,HMM,방산·조선·항공
009070,KCTC,방산·조선·항공
044450,KSS해운,방산·조선·항공
101000,KS인더스트리,방산·조선·항공
079550,LIG디펜스앤에어로스페이스,방산·조선·항공
327260,RF머트리얼즈,방산·조선·항공
474610,RF시스템즈,방산·조선·항공
465770,STX그린로지스,방산·조선·항공
077970,STX엔진,방산·조선·항공
035460,기산텔레콤,방산·조선·항공
478340,나라스페이스테크놀로지,방산·조선·항공
108380,대양전기공업,방산·조선·항공
096350,대창솔루션,방산·조선·항공
439260,대한조선,방산·조선·항공
003490,대한항공,방산·조선·항공
003495,대한항공우,방산·조선·항공
005880,대한해운,방산·조선·항공
004140,동방,방산·조선·항공
099410,동방선기,방산·조선·항공
033290,로젠,방산·조선·항공
223220,로지스몬,방산·조선·항공
474170,루미르,방산·조선·항공
054180,메디콕스,방산·조선·항공
032980,바이온,방산·조선·항공
230980,비유테크놀러지,방산·조선·항공
488900,비츠로넥스텍,방산·조선·항공
065450,빅텍,방산·조선·항공
010140,삼성중공업,방산·조선·항공
484590,삼양컴텍,방산·조선·항공
054540,삼영엠텍,방산·조선·항공
065570,삼영이엔씨,방산·조선·항공
032280,삼일,방산·조선·항공
004360,세방,방산·조선·항공
004365,세방우,방산·조선·항공
075580,세진중공업,방산·조선·항공
215090,솔디펜스,방산·조선·항공
060240,스타코링크,방산·조선·항공
347700,스피어,방산·조선·항공
099320,쎄트렉아이,방산·조선·항공
067390,아스트,방산·조선·항공
020560,아시아나항공,방산·조선·항공
214430,아이쓰리시스템,방산·조선·항공
103230,에스앤더블류,방산·조선·항공
0008Z0,에스엔시스,방산·조선·항공
298690,에어부산,방산·조선·항공
085310,엔케이,방산·조선·항공
484870,엠앤씨솔루션,방산·조선·항공
014940,오리엔탈정공,방산·조선·항공
067900,와이엔텍,방산·조선·항공
032820,우리기술,방산·조선·항공
095270,웨이브일렉트로,방산·조선·항공
289930,웨이비스,방산·조선·항공
000700,유수홀딩스,방산·조선·항공
462350,이노스페이스,방산·조선·항공
129260,인터지스,방산·조선·항공
101930,인화정공,방산·조선·항공
333430,일승,방산·조선·항공
361390,제노코,방산·조선·항공
089590,제주항공,방산·조선·항공
109070,주성코퍼레이션,방산·조선·항공
272450,진에어,방산·조선·항공
451760,컨텍,방산·조선·항공
073010,케이에스피,방산·조선·항공
288180,케이피항공산업,방산·조선·항공
274090,켄코아에어로스페이스,방산·조선·항공
448710,코츠테크놀로지,방산·조선·항공
318660,타임기술,방산·조선·항공
434190,탈로스,방산·조선·항공
124560,태웅로직스,방산·조선·항공
091810,트리니티항공,방산·조선·항공
217590,티엠씨,방산·조선·항공
054300,팬스타엔터프라이즈,방산·조선·항공
028670,팬오션,방산·조선·항공
010820,퍼스텍,방산·조선·항공
221840,하이즈항공,방산·조선·항공
017960,한국카본,방산·조선·항공
047810,한국항공우주,방산·조선·항공
092460,한라IMS,방산·조선·항공
009180,한솔로지스틱스,방산·조선·항공
014130,한익스프레스,방산·조선·항공
002320,한진,방산·조선·항공
180640,한진칼,방산·조선·항공
272210,한화시스템,방산·조선·항공
012450,한화에어로스페이스,방산·조선·항공
082740,한화엔진,방산·조선·항공
042660,한화오션,방산·조선·항공
086280,현대글로비스,방산·조선·항공
064350,현대로템,방산·조선·항공
460930,현대힘스,방산·조선·항공
005870,휴니드,방산·조선·항공
003280,흥아해운,방산·조선·항공
282330,BGF리테일,소비재·유통
011150,CJ씨푸드,소비재·유통
011155,CJ씨푸드1우,소비재·유통
097950,CJ제일제당,소비재·유통
097955,CJ제일제당 우,소비재·유통
051500,CJ프레시웨이,소비재·유통
278990,EMB,소비재·유통
050120,ES큐브,소비재·유통
114090,GKL,소비재·유통
007070,GS리테일,소비재·유통
499790,GS피앤엘,소비재·유통
003580,HLB글로벌,소비재·유통
950170,JTC,소비재·유통
033780,KT&G,소비재·유통
023150,MH에탄올,소비재·유통
024940,PN풍년,소비재·유통
317240,TS트릴리온,소비재·유통
051390,YW,소비재·유통
296520,가이아코퍼레이션,소비재·유통
035250,강원랜드,소비재·유통
011420,갤럭시아에스엠,소비재·유통
009450,경동나비엔,소비재·유통
002140,고려산업,소비재·유통
215000,골프존,소비재·유통
121440,골프존홀딩스,소비재·유통
037710,광주신세계,소비재·유통
339770,교촌에프앤비,소비재·유통
043650,국순당,소비재·유통
035080,그래디언트,소비재·유통
019660,글로본,소비재·유통
407400,꿈비,소비재·유통
405920,나라셀라,소비재·유통
003920,남양유업,소비재·유통
003925,남양유업우,소비재·유통
111710,남화산업,소비재·유통
311390,네오크레마,소비재·유통
104620,노랑풍선,소비재·유통
229500,노브메타파마,소비재·유통
004370,농심,소비재·유통
072710,농심홀딩스,소비재·유통
006370,대구백화점,소비재·유통
178600,대동고려삼,소비재·유통
065150,대산F&B,소비재·유통
001680,대상,소비재·유통
001685,대상우,소비재·유통
084690,대상홀딩스,소비재·유통
084695,대상홀딩스우,소비재·유통
003310,대주산업,소비재·유통
001790,대한제당,소비재·유통
001795,대한제당우,소비재·유통
001130,대한제분,소비재·유통
032860,더라미,소비재·유통
475560,더본코리아,소비재·유통
026960,동서,소비재·유통
088910,동우팜투테이블,소비재·유통
006040,동원산업,소비재·유통
030720,동원수산,소비재·유통
073190,듀오백,소비재·유통
032350,롯데관광개발,소비재·유통
023530,롯데쇼핑,소비재·유통
280360,롯데웰푸드,소비재·유통
005300,롯데칠성,소비재·유통
005305,롯데칠성우,소비재·유통
071840,롯데하이마트,소비재·유통
027740,마니커,소비재·유통
195500,마니커에프앤지,소비재·유통
267980,매일유업,소비재·유통
005990,매일홀딩스,소비재·유통
140410,메지온,소비재·유통
012690,모나리자,소비재·유통
005360,모나미,소비재·유통
070960,모나용평,소비재·유통
080420,모다이노칩,소비재·유통
080160,모두투어,소비재·유통
033920,무학,소비재·유통
218150,미래생명자원,소비재·유통
475460,미트박스,소비재·유통
289170,바이오텐,소비재·유통
188040,바이오포트,소비재·유통
019010,베뉴지,소비재·유통
250000,보라티알,소비재·유통
002760,보락,소비재·유통
000890,보해양조,소비재·유통
206950,볼빅,소비재·유통
014470,부방,소비재·유통
365900,브이씨,소비재·유통
318410,비비씨,소비재·유통
005180,빙그레,소비재·유통
003960,사조대림,소비재·유통
008040,사조동아원,소비재·유통
007160,사조산업,소비재·유통
014710,사조씨푸드,소비재·유통
006090,사조오양,소비재·유통
223310,사토시홀딩스,소비재·유통
005610,삼립,소비재·유통
145990,삼양사,소비재·유통
145995,삼양사우,소비재·유통
003230,삼양식품,소비재·유통
002450,삼익악기,소비재·유통
009770,삼정펄프,소비재·유통
0013V0,삼진식품,소비재·유통
024950,삼천리자전거,소비재·유통
042600,새로닉스,소비재·유통
007540,샘표,소비재·유통
248170,샘표식품,소비재·유통
006730,서부T&D,소비재·유통
004410,서울식품,소비재·유통
004415,서울식품우,소비재·유통
063170,서울옥션,소비재·유통
136490,선진,소비재·유통
002420,세기상사,소비재·유통
267080,세븐브로이맥주,소비재·유통
067830,세이브존I&C,소비재·유통
007720,소노스퀘어,소비재·유통
066910,손오공,소비재·유통
352090,스톰테크,소비재·유통
415380,스튜디오삼익,소비재·유통
020710,시공테크,소비재·유통
134790,시디즈,소비재·유통
004970,신라교역,소비재·유통
025870,신라에스지,소비재·유통
065350,신성델타테크,소비재·유통
004170,신세계,소비재·유통
031440,신세계푸드,소비재·유통
006880,신송홀딩스,소비재·유통
002700,신일전자,소비재·유통
257720,실리콘투,소비재·유통
236030,씨알푸드,소비재·유통
025980,아난티,소비재·유통
203690,아크솔루션스,소비재·유통
123750,알톤,소비재·유통
011090,에넥스,소비재·유통
435570,에르코스,소비재·유통
270660,에브리봇,소비재·유통
260970,에스앤디,소비재·유통
052020,에스티큐브,소비재·유통
003800,에이스침대,소비재·유통
069920,엑시온그룹,소비재·유통
317870,엔바이오니아,소비재·유통
009780,엠에스씨,소비재·유통
053280,예스24,소비재·유통
007310,오뚜기,소비재·유통
039830,오로라,소비재·유통
271560,오리온,소비재·유통
001800,오리온홀딩스,소비재·유통
342870,오아,소비재·유통
368970,오에스피,소비재·유통
067170,오텍,소비재·유통
403490,우듬지팜,소비재·유통
073560,우리손에프앤지,소비재·유통
006980,우성,소비재·유통
103840,우양,소비재·유통
044340,위닉스,소비재·유통
900340,윙입푸드,소비재·유통
088390,이녹스,소비재·유통
139480,이마트,소비재·유통
080010,이상네트웍스,소비재·유통
353810,이지바이오,소비재·유통
035810,이지홀딩스,소비재·유통
277410,인산가,소비재·유통
064090,인크레더블버즈,소비재·유통
178780,일월지엠엘,소비재·유통
110020,전진바이오팜,소비재·유통
208140,정다운,소비재·유통
309930,조이웍스앤코,소비재·유통
002600,조흥,소비재·유통
013890,지누스,소비재·유통
299480,지앤이헬스케어,소비재·유통
051160,지어소프트,소비재·유통
018120,진로발효,소비재·유통
233990,질경이,소비재·유통
094850,참좋은여행,소비재·유통
004650,창해에탄올,소비재·유통
362320,청담글로벌,소비재·유통
066360,체리부로,소비재·유통
025880,케이씨피드,소비재·유통
225430,케이엠제약,소비재·유통
102370,케이옥션,소비재·유통
036030,케이티알파,소비재·유통
071950,코아스,소비재·유통
021240,코웨이,소비재·유통
192400,쿠쿠홀딩스,소비재·유통
284740,쿠쿠홈시스,소비재·유통
051780,큐로홀딩스,소비재·유통
264900,크라운제과,소비재·유통
005740,크라운해태홀딩스,소비재·유통
005745,크라운해태홀딩스우,소비재·유통
053620,태양,소비재·유통
363280,티와이홀딩스,소비재·유통
034230,파라다이스,소비재·유통
037070,파세코,소비재·유통
036580,팜스코,소비재·유통
027710,팜스토리,소비재·유통
016800,퍼시스,소비재·유통
064800,포니링크,소비재·유통
487580,폴레드,소비재·유통
290720,푸드나무,소비재·유통
005670,푸드웰,소비재·유통
017810,풀무원,소비재·유통
009810,플레이그램,소비재·유통
376180,피코그램,소비재·유통
039130,하나투어,소비재·유통
136480,하림,소비재·유통
003380,하림지주,소비재·유통
000080,하이트진로,소비재·유통
000087,하이트진로2우B,소비재·유통
000140,하이트진로홀딩스,소비재·유통
000145,하이트진로홀딩스우,소비재·유통
066130,하츠,소비재·유통
004590,한국가구,소비재·유통
222980,한국맥널티,소비재·유통
331660,한국미라클피플사,소비재·유통
039740,한국정보공학,소비재·유통
256150,한독크린텍,소비재·유통
009240,한샘,소비재·유통
003680,한성기업,소비재·유통
276730,한울앤제주,소비재·유통
005860,한일사료,소비재·유통
002680,한탑,소비재·유통
452260,한화갤러리아,소비재·유통
101530,해태제과식품,소비재·유통
900270,헝셩그룹,소비재·유통
453340,현대그린푸드,소비재·유통
079430,현대리바트,소비재·유통
069960,현대백화점,소비재·유통
016790,현대사료,소비재·유통
227840,현대코퍼레이션홀딩스,소비재·유통
057050,현대홈쇼핑,소비재·유통
008770,호텔신라,소비재·유통
008775,호텔신라우,소비재·유통
064240,홈캐스트,소비재·유통
189980,흥국에프엔비,소비재·유통
017940,E1,에너지·유틸리티
078930,GS,에너지·유틸리티
078935,GS우,에너지·유틸리티
015360,INVENI,에너지·유틸리티
010950,S-Oil,에너지·유틸리티
010955,S-Oil우,에너지·유틸리티
034730,SK,에너지·유틸리티
018670,SK가스,에너지·유틸리티
006120,SK디스커버리,에너지·유틸리티
006125,SK디스커버리우,에너지·유틸리티
096770,SK이노베이션,에너지·유틸리티
096775,SK이노베이션우,에너지·유틸리티
267290,경동도시가스,에너지·유틸리티
453450,그리드위즈,에너지·유틸리티
014530,극동유화,에너지·유틸리티
128820,대성산업,에너지·유틸리티
117580,대성에너지,에너지·유틸리티
016710,대성홀딩스,에너지·유틸리티
0001A0,덕양에너젠,에너지·유틸리티
012700,리드코프,에너지·유틸리티
004690,삼천리,에너지·유틸리티
017390,서울가스,에너지·유틸리티
065420,에스아이리소스,에너지·유틸리티
034590,인천도시가스,에너지·유틸리티
126880,제이엔케이글로벌,에너지·유틸리티
000440,중앙에너비스,에너지·유틸리티
053050,지에스이,에너지·유틸리티
071320,지역난방공사,에너지·유틸리티
036460,한국가스공사,에너지·유틸리티
015760,한국전력,에너지·유틸리티
051600,한전KPS,에너지·유틸리티
052690,한전기술,에너지·유틸리티
130660,한전산업,에너지·유틸리티
003480,한진중공업홀딩스,에너지·유틸리티
024060,흥구석유,에너지·유틸리티
095570,AJ네트웍스,운송
084670,동양고속,운송
038390,레드캡투어,운송
089860,롯데렌탈,운송
403550,쏘카,운송
024800,유성티엔에스,운송
000650,천일고속,운송
000300,DH오토넥스,자동차
290120,DH오토리드,자동차
025440,DH오토웨어,자동차
007340,DN오토모티브,자동차
092780,DYP,자동차
130500,GH신소재,자동차
089470,HDC현대EP,자동차
204320,HL만도,자동차
060980,HL홀딩스,자동차
024120,KB오토시스,자동차
003620,KG모빌리티,자동차
151860,KG에코솔루션,자동차
001390,KG케미칼,자동차
000040,KR모터스,자동차
040610,SG&G,자동차
001380,SG글로벌,자동차
033530,SJG세종,자동차
123700,SJM,자동차
025530,SJM홀딩스,자동차
003570,SNT다이내믹스,자동차
064960,SNT모티브,자동차
036530,SNT홀딩스,자동차
041930,SY동아,자동차
013720,THE CUBE&,자동차
024910,경창산업,자동차
012200,계양전기,자동차
012205,계양전기우,자동차
053270,구영테크,자동차
900070,글로벌에스엠,자동차
214330,금호에이치티,자동차
073240,금호타이어,자동차
000270,기아,자동차
212560,네오오토,자동차
085910,네오티스,자동차
005720,넥센,자동차
005725,넥센우,자동차
002350,넥센타이어,자동차
002355,넥센타이어1우B,자동차
208860,다산디엠씨,자동차
145210,다이나믹디자인,자동차
020400,대동금속,자동차
000430,대원강업,자동차
005710,대원산업,자동차
067990,도이치모터스,자동차
018500,동원금속,자동차
016740,두올,자동차
092200,디아이씨,자동차
104040,디에스엠,자동차
013570,디와이,자동차
024900,디와이덕양,자동차
310870,디와이씨,자동차
002880,디와이에이,자동차
113810,디젠스,자동차
009900,명신산업,자동차
087260,모바일어플라이언스,자동차
101330,모베이스,자동차
012860,모베이스전자,자동차
009680,모토닉,자동차
118990,모트렉스,자동차
463480,모티브링크,자동차
005030,부산주공,자동차
122350,삼기,자동차
419050,삼기에너지솔루션즈,자동차
053700,삼보모터스,자동차
006660,삼성공조,자동차
023000,삼원강재,자동차
437730,삼현,자동차
041650,상신브레이크,자동차
075180,새론오토모티브,자동차
007860,서연,자동차
200880,서연이화,자동차
019770,서연탑메탈,자동차
122690,서진오토모티브,자동차
015750,성우하이텍,자동차
080470,성창오토텍,자동차
053060,세동,자동차
004490,세방전지,자동차
024830,세원물산,자동차
021820,세원정공,자동차
424960,스마트레이더시스템,자동차
066590,스모트로닉,자동차
308170,씨티알모빌리티,자동차
331740,아우토크립트,자동차
038880,아이에이,자동차
090150,아이윈,자동차
013310,아진산업,자동차
009320,아진전자부품,자동차
354320,알멕,자동차
005850,에스엘,자동차
010580,에스엠벡셀,자동차
312610,에이에프더블류,자동차
097780,에코볼트,자동차
128540,에코캡,자동차
038110,에코플라스틱,자동차
067570,엔브이에이치코리아,자동차
093510,엔지브이아이,자동차
900140,엘브이엠씨홀딩스,자동차
123040,엠에스오토텍,자동차
033310,엠투엔,자동차
105550,엣지파운드리,자동차
012280,영화금속,자동차
265560,영화테크,자동차
065500,오리엔트정공,자동차
031510,오스템,자동차
353590,오토앤,자동차
007530,와이엠,자동차
215360,우리산업,자동차
072470,우리산업홀딩스,자동차
017370,우신시스템,자동차
140660,위월드,자동차
047400,유니온머티리얼,자동차
011320,유니크,자동차
241690,유니테크노,자동차
048430,유라테크,자동차
002920,유성기업,자동차
146060,율촌,자동차
088290,이원컴포텍,자동차
023800,인지컨트롤스,자동차
023810,인팩,자동차
008500,일정실업,자동차
019540,일지테크,자동차
271940,일진하이솔루스,자동차
013870,지엠비코리아,자동차
100250,진양홀딩스,자동차
033250,체시스,자동차
071850,캐스텍코리아,자동차
001620,케이비아이동국실업,자동차
381970,케이카,자동차
046070,코다코,자동차
123410,코리아에프티,자동차
336680,탑런토탈솔루션,자동차
004100,태양금속,자동차
004105,태양금속우,자동차
116100,태양기계,자동차
001420,태원물산,자동차
019180,티에이치엔,자동차
130740,티피씨글로벌,자동차
0015S0,페스카로,자동차
090080,평화산업,자동차
010770,평화홀딩스,자동차
234100,폴라리스세원,자동차
041020,폴라리스오피스,자동차
093380,풍강,자동차
043370,피에이치에이,자동차
025540,한국단자,자동차
010100,한국무브넥스,자동차
000240,한국앤컴퍼니,자동차
021650,한국큐빅,자동차
161390,한국타이어앤테크놀로지,자동차
448900,한국피아이엠,자동차
125490,한라캐스트,자동차
018880,한온시스템,자동차
024740,한일단조,자동차
198940,한주라이트메탈,자동차
143210,핸즈코퍼레이션,자동차
170030,현대공업,자동차
012330,현대모비스,자동차
011210,현대위아,자동차
005380,현대차,자동차
005387,현대차2우B,자동차
005389,현대차3우B,자동차
005385,현대차우,자동차
378850,화승알앤에이,자동차
013520,화승코퍼레이션,자동차
010690,화신,자동차
126640,화신정공,자동차
078590,휴림에이텍,자동차
000480,CR홀딩스,철강·금속
000590,CS홀딩스,철강·금속
155660,DSR,철강·금속
069730,DSR제강,철강·금속
037370,EG,철강·금속
008970,KBI동양철관,철강·금속
016380,KG스틸,철강·금속
001940,KISCO홀딩스,철강·금속
005490,POSCO홀딩스,철강·금속
001770,SHD,철강·금속
009160,SIMPAC,철강·금속
002710,TCC스틸,철강·금속
039240,경남스틸,철강·금속
012320,경동인베스트,철강·금속
010130,고려아연,철강·금속
002240,고려제강,철강·금속
026910,광진실업,철강·금속
060480,국일신동,철강·금속
053260,금강철강,철강·금속
008350,남선알미늄,철강·금속
008355,남선알미우,철강·금속
092790,넥스틸,철강·금속
048470,대동스틸,철강·금속
009190,대양금속,철강·금속
012800,대창,철강·금속
140520,대창스틸,철강·금속
084010,대한제강,철강·금속
069460,대호에이엘,철강·금속
021040,대호특수강,철강·금속
021045,대호특수강우,철강·금속
005160,동국산업,철강·금속
460850,동국씨엠,철강·금속
075970,동국알앤에스,철강·금속
460860,동국제강,철강·금속
001230,동국홀딩스,철강·금속
060380,동양에스텍,철강·금속
004890,동일산업,철강·금속
023790,동일스틸럭스,철강·금속
002690,동일제강,철강·금속
024090,디씨엠,철강·금속
001080,만호제강,철강·금속
008420,문배철강,철강·금속
026940,부국철강,철강·금속
009620,삼보산업,철강·금속
006110,삼아알미늄,철강·금속
017480,삼현철강,철강·금속
021050,서원,철강·금속
001430,세아베스틸지주,철강·금속
306200,세아제강,철강·금속
003030,세아제강지주,철강·금속
058650,세아홀딩스,철강·금속
162300,신스틸,철강·금속
037760,쎄니트,철강·금속
139990,아주스틸,철강·금속
001780,알루코,철강·금속
295310,에이치브이엠,철강·금속
012160,영흥,철강·금속
012620,원일특강,철강·금속
263770,유에스티,철강·금속
025820,이구산업,철강·금속
009730,이렘,철강·금속
081000,일진다이아,철강·금속
023440,제이스코홀딩스,철강·금속
001560,제일연마,철강·금속
462520,조선내화,철강·금속
120030,조선선재,철강·금속
018470,조일알미늄,철강·금속
054410,케이피티유,철강·금속
176590,코나솔,철강·금속
900250,크리스탈신소재,철강·금속
256940,킵스파마,철강·금속
014580,태경비케이,철강·금속
015890,태경산업,철강·금속
258050,테크트랜스,철강·금속
081150,티플랙스,철강·금속
177830,파버나인,철강·금속
058430,포스코스틸리온,철강·금속
009520,포스코엠텍,철강·금속
103140,풍산,철강·금속
005810,풍산홀딩스,철강·금속
128660,피제이메탈,철강·금속
071090,하이스틸,철강·금속
010040,한국내화,철강·금속
025550,한국선재,철강·금속
025890,한국주강,철강·금속
000970,한국주철관,철강·금속
104700,한국철강,철강·금속
007280,한국특강,철강·금속
002220,한일철강,철강·금속
079170,한창산업,철강·금속
054920,한컴위드,철강·금속
004560,현대비앤지스틸,철강·금속
004020,현대제철,철강·금속
133820,화인베스틸,철강·금속
032560,황금에스티,철강·금속
005010,휴스틸,철강·금속
211270,AP위성,통신·모바일
065770,CS,통신·모바일
099520,DGI,통신·모바일
060720,KH바텍,통신·모바일
030200,KT,통신·모바일
032640,LG유플러스,통신·모바일
073490,LIG아큐버,통신·모바일
332570,PS일렉트로닉스,통신·모바일
218410,RFHIC,통신·모바일
017670,SK텔레콤,통신·모바일
049080,기가레인,통신·모바일
190510,나무가,통신·모바일
285490,노바텍,통신·모바일
340360,다보링크,통신·모바일
039560,다산네트웍스,통신·모바일
010170,대한광통신,통신·모바일
043090,더테크놀로지,통신·모바일
263600,덕우전자,통신·모바일
192650,드림텍,통신·모바일
290550,디케이티,통신·모바일
066670,디티씨,통신·모바일
317120,라닉스,통신·모바일
388790,라이콤,통신·모바일
900260,로스웰,통신·모바일
073570,리튬포어스,통신·모바일
193250,링크드,통신·모바일
100590,머큐리,통신·모바일
069540,빛과전자,통신·모바일
037460,삼지전자,통신·모바일
093920,서원인텍,통신·모바일
081580,성우전자,통신·모바일
148150,세경하이테크,통신·모바일
061090,세나테크놀로지,통신·모바일
036630,세종텔레콤,통신·모바일
321370,센서뷰,통신·모바일
192440,슈피겐코리아,통신·모바일
025320,시노펙스,통신·모바일
088280,쏘닉스,통신·모바일
050890,쏠리드,통신·모바일
177900,쓰리에이로직스,통신·모바일
245450,씨앤에스링크,통신·모바일
376290,씨유테크,통신·모바일
357580,아모센스,통신·모바일
052710,아모텍,통신·모바일
456010,아이씨티케이,통신·모바일
101390,아이엠,통신·모바일
031310,아이즈비전,통신·모바일
052460,아이크래프트,통신·모바일
061040,알에프텍,통신·모바일
148250,알엔투테크놀로지,통신·모바일
123010,알엔티엑스,통신·모바일
459550,알트,통신·모바일
290740,액트로,통신·모바일
238090,앤디포스,통신·모바일
060540,에스에이티,통신·모바일
096630,에스코넥,통신·모바일
088800,에이스테크,통신·모바일
230240,에치에프알,통신·모바일
073540,에프알텍,통신·모바일
070300,엑스큐어,통신·모바일
373200,엑스플러스,통신·모바일
019490,엑시큐어하이트론,통신·모바일
059180,엔더블유시,통신·모바일
037950,엘컴텍,통신·모바일
097520,엠씨넥스,통신·모바일
000670,영풍,통신·모바일
192410,오늘이엔엠,통신·모바일
138080,오이솔루션,통신·모바일
109080,옵티시스,통신·모바일
380540,옵티코어,통신·모바일
122990,와이솔,통신·모바일
065530,와이어블,통신·모바일
115440,우리넷,통신·모바일
065680,우주일렉트로,통신·모바일
122830,원포유,통신·모바일
459100,위츠,통신·모바일
264450,유비쿼스,통신·모바일
078070,유비쿼스홀딩스,통신·모바일
049520,유아이엘,통신·모바일
179900,유티아이,통신·모바일
215790,이노인스트루먼트,통신·모바일
054210,이랜텍,통신·모바일
115610,이미지스,통신·모바일
091120,이엠텍,통신·모바일
006490,인스코비,통신·모바일
049070,인탑스,통신·모바일
189300,인텔리안테크,통신·모바일
389020,자람테크놀로지,통신·모바일
033240,자화전자,통신·모바일
049630,재영솔루텍,통신·모바일
204270,제이앤티씨,통신·모바일
051980,중앙첨단소재,통신·모바일
140430,카티스,통신·모바일
198080,캐프,통신·모바일
050110,캠시스,통신·모바일
079190,케스피온,통신·모바일
032500,케이엠더블유,통신·모바일
106080,케이이엠텍,통신·모바일
258610,케일럼,통신·모바일
036690,코맥스,통신·모바일
189350,코셋,통신·모바일
045970,코아시아,통신·모바일
196450,코아시아씨엠,통신·모바일
056360,코위버,통신·모바일
015710,코콤,통신·모바일
346010,타이드,통신·모바일
065130,탑엔지니어링,통신·모바일
047310,파워로직스,통신·모바일
170790,파이오링크,통신·모바일
441270,파인엠텍,통신·모바일
091700,파트론,통신·모바일
271830,팸텍,통신·모바일
208710,포톤,통신·모바일
126700,하이비젼시스템,통신·모바일
062970,한국첨단소재,통신·모바일
091440,한울소재과학,통신·모바일
489790,한화비전,통신·모바일
076610,해성옵틱스,통신·모바일
039010,현대에이치티,통신·모바일
083790,CG인바이츠,헬스케어
311690,CJ 바이오사이언스,헬스케어
058820,CMG제약,헬스케어
180400,DXVX,헬스케어
245620,EDGC,헬스케어
032620,GC메디아이,헬스케어
376270,HEM파마,헬스케어
195940,HK이노엔,헬스케어
028300,HLB,헬스케어
278650,HLB바이오스텝,헬스케어
067630,HLB생명과학,헬스케어
187420,HLB제넥스,헬스케어
047920,HLB제약,헬스케어
115450,HLB테라퓨틱스,헬스케어
046210,HLB파나진,헬스케어
196300,HLB펩,헬스케어
234080,JW생명과학,헬스케어
067290,JW신약,헬스케어
001060,JW중외제약,헬스케어
001067,JW중외제약2우B,헬스케어
001065,JW중외제약우,헬스케어
096760,JW홀딩스,헬스케어
054050,NH농우바이오,헬스케어
246960,SCL사이언스,헬스케어
302440,SK바이오사이언스,헬스케어
326030,SK바이오팜,헬스케어
217730,강스템바이오텍,헬스케어
053950,경남제약,헬스케어
011040,경동제약,헬스케어
214390,경보제약,헬스케어
014570,고려제약,헬스케어
348150,고바이오랩,헬스케어
009290,광동제약,헬스케어
086220,광동헬스바이오,헬스케어
307750,국전,헬스케어
002720,국제약품,헬스케어
318060,그래피,헬스케어
114450,그린생명과학,헬스케어
039860,나노엔텍,헬스케어
244880,나눔테크,헬스케어
138610,나이벡,헬스케어
950220,네오이뮨텍,헬스케어
007390,네이처셀,헬스케어
389650,넥스트바이오메디컬,헬스케어
194700,노바렉스,헬스케어
376930,노을,헬스케어
006280,녹십자,헬스케어
142280,녹십자엠에스,헬스케어
234690,녹십자웰빙,헬스케어
005250,녹십자홀딩스,헬스케어
005257,녹십자홀딩스2우,헬스케어
380550,뉴로핏,헬스케어
123840,뉴온,헬스케어
270870,뉴트리,헬스케어
290660,다이나믹솔루션,헬스케어
078140,대봉엘에스,헬스케어
036480,대성미생물,헬스케어
003090,대웅,헬스케어
069620,대웅제약,헬스케어
003220,대원제약,헬스케어
131220,대한과학,헬스케어
054670,대한뉴팜,헬스케어
023910,대한약품,헬스케어
067080,대화제약,헬스케어
299170,더블유에스아이,헬스케어
261200,덴티스,헬스케어
145720,덴티움,헬스케어
006620,동구바이오제약,헬스케어
303810,동국생명과학,헬스케어
086450,동국제약,헬스케어
240550,동방메디컬,헬스케어
002210,동성제약,헬스케어
000640,동아쏘시오홀딩스,헬스케어
170900,동아에스티,헬스케어
000020,동화약품,헬스케어
176750,듀켐바이오,헬스케어
223250,드림씨아이에스,헬스케어
263690,디알젬,헬스케어
214680,디알텍,헬스케어
347850,디앤디파마텍,헬스케어
039840,디오,헬스케어
383930,디티앤씨알오,헬스케어
462510,라메디텍,헬스케어
084650,랩지노믹스,헬스케어
228670,레이,헬스케어
228850,레이언스,헬스케어
199550,레이저옵텍,헬스케어
376900,로킷헬스케어,헬스케어
214610,롤링스톤,헬스케어
328130,루닛,헬스케어
253610,루트락,헬스케어
141080,리가켐바이오,헬스케어
302550,리메드,헬스케어
491000,리브스메드,헬스케어
394420,리센스메디컬,헬스케어
305090,마이크로디지탈,헬스케어
448780,마이크로엔엑스,헬스케어
038290,마크로젠,헬스케어
235980,메드팩토,헬스케어
200580,메디쎄이,헬스케어
041920,메디아나,헬스케어
233250,메디안디노스틱,헬스케어
236340,메디젠휴먼케어,헬스케어
086900,메디톡스,헬스케어
078160,메디포스트,헬스케어
0088M0,메쥬,헬스케어
059210,메타바이오메드,헬스케어
118000,메타케어,헬스케어
058110,멕아이씨에스,헬스케어
017180,명문제약,헬스케어
317450,명인제약,헬스케어
142760,모아라이프플러스,헬스케어
322970,무진메디,헬스케어
206640,바디텍메드,헬스케어
354390,바스칸바이오제약,헬스케어
053030,바이넥스,헬스케어
377740,바이오노트,헬스케어
064550,바이오니아,헬스케어
314930,바이오다인,헬스케어
086820,바이오솔루션,헬스케어
251120,바이오에프디엔씨,헬스케어
199730,바이오인프라,헬스케어
266470,바이오인프라생명과학,헬스케어
086040,바이오톡스텍,헬스케어
199290,바이오프로테크,헬스케어
099430,바이오플러스,헬스케어
308080,바이젠셀,헬스케어
043150,바텍,헬스케어
323990,박셀바이오,헬스케어
003850,보령,헬스케어
310210,보로노이,헬스케어
003000,부광약품,헬스케어
338220,뷰노,헬스케어
100120,뷰웍스,헬스케어
439580,블루엠텍,헬스케어
082800,비보존 제약,헬스케어
419540,비스토스,헬스케어
200780,비씨월드제약,헬스케어
065170,비엘팜텍,헬스케어
032850,비트컴퓨터,헬스케어
238200,비피도,헬스케어
207940,삼성바이오로직스,헬스케어
0126Z0,삼성에피스홀딩스,헬스케어
001360,삼성제약,헬스케어
009300,삼아제약,헬스케어
0120G0,삼양바이오팜,헬스케어
014950,삼익제약,헬스케어
000520,삼일제약,헬스케어
005500,삼진제약,헬스케어
000250,삼천당제약,헬스케어
378800,샤페론,헬스케어
038070,서린바이오,헬스케어
018680,서울제약,헬스케어
008490,서흥,헬스케어
067370,선바이오,헬스케어
188260,세니젠,헬스케어
100700,세운메디칼,헬스케어
258830,세종메디칼,헬스케어
331920,셀레믹스,헬스케어
352770,셀레스트라,헬스케어
471820,셀로맥스사이언스,헬스케어
299660,셀리드,헬스케어
108860,셀바스AI,헬스케어
208370,셀바스헬스케어,헬스케어
308430,셀비온,헬스케어
068270,셀트리온,헬스케어
068760,셀트리온제약,헬스케어
950200,소마젠,헬스케어
035610,솔본,헬스케어
253840,수젠텍,헬스케어
048870,시너지이노베이션,헬스케어
056090,시지메드텍,헬스케어
215600,신라젠,헬스케어
002800,신신제약,헬스케어
012790,신일제약,헬스케어
226330,신테카바이오,헬스케어
019170,신풍제약,헬스케어
019175,신풍제약우,헬스케어
004080,신흥,헬스케어
217330,싸이토젠,헬스케어
049960,쎌바이오텍,헬스케어
394800,쓰리빌리언,헬스케어
458870,씨어스,헬스케어
900120,씨엑스아이,헬스케어
359090,씨엔알리서치,헬스케어
115480,씨유메디칼,헬스케어
096530,씨젠,헬스케어
060590,씨티씨바이오,헬스케어
261780,아리바이오랩,헬스케어
074430,아미노로직스,헬스케어
092040,아미코젠,헬스케어
246720,아스타,헬스케어
450950,아스테라시스,헬스케어
154030,아시아종묘,헬스케어
460470,아이빔테크놀로지,헬스케어
099190,아이센스,헬스케어
493280,아이엠바이오로직스,헬스케어
461030,아이엠비디엑스,헬스케어
456570,아이엠지티,헬스케어
447690,아이오바이오,헬스케어
185490,아이진,헬스케어
309710,아이티켐,헬스케어
001540,안국약품,헬스케어
251280,안지오랩,헬스케어
065660,안트로젠,헬스케어
260660,알리코제약,헬스케어
476830,알지노믹스,헬스케어
196170,알테오젠,헬스케어
043100,알파AI,헬스케어
314140,알피바이오,헬스케어
291650,압타머사이언스,헬스케어
293780,압타바이오,헬스케어
390110,애니메디솔루션,헬스케어
179530,애드바이오텍,헬스케어
0011A0,액스비스,헬스케어
174900,앱클론,헬스케어
109960,앱토크롬,헬스케어
238120,얼라인드,헬스케어
137310,에스디바이오센서,헬스케어
304360,에스바이오메딕스,헬스케어
246250,에스엘에스바이오,헬스케어
398120,에스지헬스케어,헬스케어
237690,에스티팜,헬스케어
298380,에이비엘바이오,헬스케어
203400,에이비온,헬스케어
239610,에이치엘사이언스,헬스케어
357230,에이치피오,헬스케어
007460,에이프로젠,헬스케어
003060,에이프로젠바이오로직스,헬스케어
397030,에이프릴바이오,헬스케어
0009K0,에임드바이오,헬스케어
446440,에피바이오텍,헬스케어
950130,엑세스바이오,헬스케어
373110,엑셀세라퓨틱스,헬스케어
140610,엔솔바이오사이언스,헬스케어
354200,엔젠바이오,헬스케어
455900,엔젤로보틱스,헬스케어
183490,엔지켐생명과학,헬스케어
182400,엔케이젠바이오텍코리아,헬스케어
290650,엘앤씨바이오,헬스케어
156100,엘앤케이바이오,헬스케어
179290,엠아이텍,헬스케어
432980,엠에프씨,헬스케어
003520,영진약품,헬스케어
476040,오가노이드사이언스,헬스케어
212310,오건에코텍,헬스케어
475830,오름테라퓨틱,헬스케어
002630,오리엔트바이오,헬스케어
036220,오상헬스케어,헬스케어
332190,오션스바이오,헬스케어
039200,오스코텍,헬스케어
226400,오스테오닉,헬스케어
476060,온코닉테라퓨틱스,헬스케어
382150,온코크로스,헬스케어
244460,올리패스,헬스케어
226950,올릭스,헬스케어
131030,옵투스제약,헬스케어
153710,옵티팜,헬스케어
338840,와이바이오로직스,헬스케어
215380,우정바이오,헬스케어
018620,우진비앤지,헬스케어
307280,원바이오젠,헬스케어
336570,원텍,헬스케어
330350,위더스제약,헬스케어
033270,유나이티드제약,헬스케어
206650,유바이오로직스,헬스케어
337840,유엑스엔,헬스케어
000220,유유제약,헬스케어
000225,유유제약1우,헬스케어
000227,유유제약2우B,헬스케어
263050,유틸렉스,헬스케어
000100,유한양행,헬스케어
000105,유한양행우,헬스케어
044960,이글벳,헬스케어
424870,이뮨온시아,헬스케어
086890,이수앱지스,헬스케어
456070,이엔셀,헬스케어
102460,이연제약,헬스케어
294090,이오플로우,헬스케어
099750,이지케어텍,헬스케어
041830,인바디,헬스케어
216400,인바이츠바이오코아,헬스케어
0007J0,인벤테라,헬스케어
389470,인벤티지랩,헬스케어
119610,인터로조,헬스케어
287840,인투셀,헬스케어
048530,인트론바이오,헬스케어
071200,인피니트헬스케어,헬스케어
249420,일동제약,헬스케어
000230,일동홀딩스,헬스케어
003120,일성아이에스,헬스케어
068330,일신바이오,헬스케어
007570,일양약품,헬스케어
007575,일양약품우,헬스케어
234920,자이글,헬스케어
095700,제넥신,헬스케어
122310,제노레이,헬스케어
066830,제노텍,헬스케어
225220,제놀루션,헬스케어
054950,제이브이엠,헬스케어
127120,제이에스링크,헬스케어
322510,제이엘케이,헬스케어
0010V0,제이피아이헬스케어,헬스케어
271980,제일약품,헬스케어
002620,제일파마홀딩스,헬스케어
216080,제테마,헬스케어
229000,젠큐릭스,헬스케어
034940,조아제약,헬스케어
185750,종근당,헬스케어
063160,종근당바이오,헬스케어
001630,종근당홀딩스,헬스케어
072020,중앙백신,헬스케어
221800,지구홀딩스,헬스케어
228760,지노믹트리,헬스케어
314130,지놈앤컴퍼니,헬스케어
389030,지니너스,헬스케어
144510,지씨셀,헬스케어
340450,지씨지놈,헬스케어
358570,지아이이노베이션,헬스케어
388610,지에프씨생명과학,헬스케어
204840,지엘팜텍,헬스케어
456160,지투지바이오,헬스케어
109820,진매트릭스,헬스케어
086060,진바이오텍,헬스케어
363250,진시스템,헬스케어
007370,진양제약,헬스케어
011000,진원생명과학,헬스케어
085660,차바이오텍,헬스케어
0082N0,카나프테라퓨틱스,헬스케어
284620,카이노스메드,헬스케어
263700,케어랩스,헬스케어
214370,케어젠,헬스케어
402420,켈스,헬스케어
104540,코렌텍,헬스케어
041960,코미팜,헬스케어
043710,코스리거글로벌,헬스케어
044820,코스맥스비티아이,헬스케어
222040,코스맥스엔비티,헬스케어
166480,코아스템켐온,헬스케어
384470,코어라인소프트,헬스케어
102940,코오롱생명과학,헬스케어
950160,코오롱티슈진,헬스케어
200130,콜마비앤에이치,헬스케어
464490,쿼드메디슨,헬스케어
317690,퀀타매트릭스,헬스케어
456190,큐라켐,헬스케어
365270,큐라클,헬스케어
348080,큐라티스,헬스케어
060280,큐렉소,헬스케어
372320,큐로셀,헬스케어
115180,큐리언트,헬스케어
494120,큐리오시스,헬스케어
445680,큐리옥스바이오시스템즈,헬스케어
215570,크로넥스,헬스케어
214150,클래시스,헬스케어
336040,타스컴,헬스케어
191420,테고사이언스,헬스케어
066700,테라젠이텍스,헬스케어
200230,텔콘RF제약,헬스케어
475960,토모큐브,헬스케어
199800,툴젠,헬스케어
464280,티디에스팜,헬스케어
246710,티앤알바이오팹,헬스케어
340570,티앤엘,헬스케어
321550,티움바이오,헬스케어
288330,파라택시스코리아,헬스케어
388870,파로스아이바이오,헬스케어
214450,파마리서치,헬스케어
217950,파마리서치바이오,헬스케어
387570,파인메딕스,헬스케어
318010,팜스빌,헬스케어
004720,팜젠사이언스,헬스케어
222110,팬젠,헬스케어
187660,페니트리움바이오,헬스케어
327610,펨토바이오메드,헬스케어
087010,펩트론,헬스케어
041910,폴라리스AI파마,헬스케어
298060,풍전약품,헬스케어
341170,퓨쳐메디신,헬스케어
220100,퓨쳐켐,헬스케어
334970,프레스티지바이오로직스,헬스케어
950210,프레스티지바이오파마,헬스케어
296160,프로젠,헬스케어
468530,프로티나,헬스케어
303360,프로티아,헬스케어
377220,프롬바이오,헬스케어
335810,프리시젼바이오,헬스케어
405000,플라즈맵,헬스케어
222670,플럼라인생명과학,헬스케어
241820,피씨엘,헬스케어
460940,피앤에스로보틱스,헬스케어
347740,피엔케이피부임상연구센타,헬스케어
006140,피제이전자,헬스케어
304840,피플바이오,헬스케어
293480,하나제약,헬스케어
450330,하스,헬스케어
149980,하이로닉,헬스케어
106190,하이텍팜,헬스케어
256840,한국비엔씨,헬스케어
219750,한국비티비,헬스케어
080720,한국유니온제약,헬스케어
032300,한국파마,헬스케어
002390,한독,헬스케어
008930,한미사이언스,헬스케어
128940,한미약품,헬스케어
042520,한스바이오메드,헬스케어
009420,한올바이오파마,헬스케어
372910,한컴라이프케어,헬스케어
084990,헬릭스미스,헬스케어
004310,현대약품,헬스케어
061250,화일약품,헬스케어
016580,환인제약,헬스케어
353190,휴럼,헬스케어
205470,휴마시스,헬스케어
200670,휴메딕스,헬스케어
065510,휴비츠,헬스케어
243070,휴온스,헬스케어
084110,휴온스글로벌,헬스케어
145020,휴젤,헬스케어
001460,BYC,화장품·패션
001465,BYC우,화장품·패션
083660,CSA 코스믹,화장품·패션
001530,DI동일,화장품·패션
383220,F&F,화장품·패션
007700,F&F홀딩스,화장품·패션
093050,LF,화장품·패션
051900,LG생활건강,화장품·패션
051905,LG생활건강우,화장품·패션
004060,SG세계물산,화장품·패션
002170,SYTS,화장품·패션
084870,TBH글로벌,화장품·패션
007980,TP,화장품·패션
036620,감성코퍼레이션,화장품·패션
000050,경방,화장품·패션
366030,공구우먼,화장품·패션
204020,그리티,화장품·패션
168330,내츄럴엔도텍,화장품·패션
092730,네오팜,화장품·패션
137940,넥스트아이,화장품·패션
317860,노드메이슨,화장품·패션
145170,노브랜드,화장품·패션
462310,뉴키즈온,화장품·패션
483650,달바글로벌,화장품·패션
024890,대원화성,화장품·패션
001070,대한방직,화장품·패션
016090,대현,화장품·패션
298540,더네이쳐홀딩스,화장품·패션
004830,덕성,화장품·패션
004835,덕성우,화장품·패션
227420,도부,화장품·패션
111380,동인기연,화장품·패션
219550,디와이디,화장품·패션
263020,디케이앤디,화장품·패션
900110,딥커머스,화장품·패션
214260,라파스,화장품·패션
439090,마녀공장,화장품·패션
014100,메디앙스,화장품·패션
081660,미스토홀딩스,화장품·패션
351020,미쥬,화장품·패션
489460,바이오비쥬,화장품·패션
003610,방림,화장품·패션
267790,배럴,화장품·패션
035150,백산,화장품·패션
226340,본느,화장품·패션
406820,뷰티스킨,화장품·패션
018290,브이티,화장품·패션
478560,블랙야크아이앤씨,화장품·패션
002070,비비안,화장품·패션
451250,삐아,화장품·패션
086710,선진뷰티사이언스,화장품·패션
252500,세화피앤씨,화장품·패션
318160,셀바이오휴먼텍,화장품·패션
031430,신세계인터내셔날,화장품·패션
005800,신영와코루,화장품·패션
009270,신원,화장품·패션
109670,씨싸이트,화장품·패션
352480,씨앤씨인터내셔널,화장품·패션
352700,씨앤투스,화장품·패션
260930,씨티케이,화장품·패션
013990,아가방컴퍼니,화장품·패션
0015N0,아로마티카,화장품·패션
090430,아모레퍼시픽,화장품·패션
090435,아모레퍼시픽우,화장품·패션
002790,아모레퍼시픽홀딩스,화장품·패션
002795,아모레퍼시픽홀딩스우,화장품·패션
227610,아우딘퓨쳐스,화장품·패션
175250,아이큐어,화장품·패션
114840,아이패밀리에스씨,화장품·패션
032080,아즈텍WB,화장품·패션
018250,애경산업,화장품·패션
217480,에스디생명공학,화장품·패션
270210,에스알바이오텍,화장품·패션
306040,에스제이그룹,화장품·패션
098660,에스티오,화장품·패션
078520,에이블씨엔씨,화장품·패션
453860,에이에스텍,화장품·패션
481070,에이유브랜즈,화장품·패션
278470,에이피알,화장품·패션
159910,에코글로우,화장품·패션
230360,에코마케팅,화장품·패션
265740,엔에프씨,화장품·패션
111770,영원무역,화장품·패션
009970,영원무역홀딩스,화장품·패션
900300,오가닉티코스메틱,화장품·패션
005320,온타이드,화장품·패션
011300,우성머티리얼스,화장품·패션
032940,원익,화장품·패션
008290,원풍물산,화장품·패션
008600,윌비스,화장품·패션
335870,윙스풋,화장품·패션
011330,유니켐,화장품·패션
344860,이노진,화장품·패션
084680,이월드,화장품·패션
014990,인디에프,화장품·패션
003200,일신방직,화장품·패션
226320,잇츠한불,화장품·패션
950140,잉글우드랩,화장품·패션
000950,전방,화장품·패션
123330,제닉,화장품·패션
159580,제로투세븐,화장품·패션
194370,제이에스코퍼레이션,화장품·패션
026040,제이에스티나,화장품·패션
420570,제이투케이바이오,화장품·패션
337930,젝시믹스,화장품·패션
004700,조광피혁,화장품·패션
018700,졸스,화장품·패션
033340,좋은사람들,화장품·패션
065060,지엔코,화장품·패션
088790,진도,화장품·패션
250030,진코스텍,화장품·패션
025620,차AI헬스케어,화장품·패션
900310,컬러레이,화장품·패션
083550,케이엠,화장품·패션
047770,코데즈컴바인,화장품·패션
080530,코디,화장품·패션
027050,코리아나,화장품·패션
082660,코스나인,화장품·패션
192820,코스맥스,화장품·패션
241710,코스메카코리아,화장품·패션
024720,콜마홀딩스,화장품·패션
110790,크리스에프앤씨,화장품·패션
237880,클리오,화장품·패션
214420,토니모리,화장품·패션
215480,토박스코리아,화장품·패션
900100,파이온엑스,화장품·패션
225590,패션플랫폼,화장품·패션
472850,폰드그룹,화장품·패션
114630,폴라리스우노,화장품·패션
161890,한국콜마,화장품·패션
123690,한국화장품,화장품·패션
003350,한국화장품제조,화장품·패션
020000,한섬,화장품·패션
105630,한세실업,화장품·패션
069640,한세엠케이,화장품·패션
016450,한세예스24홀딩스,화장품·패션
048410,현대바이오,화장품·패션
052260,현대바이오랜드,화장품·패션
126560,현대퓨처넷,화장품·패션
011080,형지I&C,화장품·패션
308100,형지글로벌,화장품·패션
093240,형지엘리트,화장품·패션
111110,호전실업,화장품·패션
241590,화승엔터프라이즈,화장품·패션
006060,화승인더,화장품·패션
298020,효성티앤씨,화장품·패션
079980,휴비스,화장품·패션
006840,AK홀딩스,화학·소재
027410,BGF,화학·소재
126600,BGF에코머티리얼즈,화학·소재
000210,DL,화학·소재
000215,DL우,화학·소재
004840,DRB동일,화학·소재
017860,DS단석,화학·소재
900290,GRT,화학·소재
036640,HRS,화학·소재
298050,HS효성첨단소재,화학·소재
318000,KBG,화학·소재
025000,KPX케미칼,화학·소재
092230,KPX홀딩스,화학·소재
051910,LG화학,화학·소재
051915,LG화학우,화학·소재
004250,NPC,화학·소재
004255,NPC우,화학·소재
456040,OCI,화학·소재
010060,OCI홀딩스,화학·소재
178920,PI첨단소재,화학·소재
001340,PKC,화학·소재
003080,SB성보,화학·소재
002360,SH에너지화학,화학·소재
011790,SKC,화학·소재
285130,SK케미칼,화학·소재
002820,SUN&L,화학·소재
069260,TKG휴켐스,화학·소재
024070,WISCOM,화학·소재
002100,경농,화학·소재
012610,경인양행,화학·소재
007690,국도화학,화학·소재
078130,국일제지,화학·소재
083420,그린케미칼,화학·소재
008870,금비,화학·소재
001570,금양,화학·소재
011780,금호석유화학,화학·소재
011785,금호석유화학우,화학·소재
004540,깨끗한나라,화학·소재
004545,깨끗한나라우,화학·소재
187790,나노,화학·소재
121600,나노신소재,화학·소재
286750,나노실리칸첨단소재,화학·소재
247660,나노씨엠에스,화학·소재
091970,나노캠텍,화학·소재
025860,남해화학,화학·소재
332290,누보,화학·소재
004780,대륙제관,화학·소재
017650,대림제지,화학·소재
014160,대영포장,화학·소재
120240,대정화금,화학·소재
006650,대한유화,화학·소재
003830,대한화섬,화학·소재
023450,동남합성,화학·소재
007590,동방아그로,화학·소재
102260,동성케미컬,화학·소재
033500,동성화인텍,화학·소재
014820,동원시스템즈,화학·소재
014825,동원시스템즈우,화학·소재
163560,동일고무벨트,화학·소재
294140,레몬,화학·소재
281740,레이크머티리얼즈,화학·소재
004000,롯데정밀화학,화학·소재
011170,롯데케미칼,화학·소재
016100,리더스코스메틱,화학·소재
009580,무림P&P,화학·소재
001810,무림SP,화학·소재
009200,무림페이퍼,화학·소재
002840,미원상사,화학·소재
268280,미원에스씨,화학·소재
107590,미원홀딩스,화학·소재
134380,미원화학,화학·소재
003650,미창석유,화학·소재
0010F0,보원케미칼,화학·소재
006740,블루산업개발,화학·소재
014970,삼륭물산,화학·소재
023600,삼보판지,화학·소재
036670,삼양케이씨아이,화학·소재
272550,삼양패키징,화학·소재
000070,삼양홀딩스,화학·소재
003720,삼영,화학·소재
002810,삼영무역,화학·소재
004450,삼화왕관,화학·소재
027580,상보,화학·소재
357550,석경에이티,화학·소재
000180,성창기업지주,화학·소재
340440,세림B&G,화학·소재
013000,세우글로벌,화학·소재
004430,송원산업,화학·소재
185190,수프로,화학·소재
115570,스타플렉스,화학·소재
049830,승일,화학·소재
016590,신대양제지,화학·소재
002870,신풍,화학·소재
222420,쎄노텍,화학·소재
103660,씨앗,화학·소재
101240,씨큐브,화학·소재
125210,아모그린텍,화학·소재
002310,아세아제지,화학·소재
136410,아셈스,화학·소재
066430,아이로보틱스,화학·소재
161000,애경케미칼,화학·소재
460870,에스엠씨지,화학·소재
217910,에스제이켐,화학·소재
050760,에스폴리텍,화학·소재
163280,에어레인,화학·소재
101360,에코앤드림,화학·소재
086520,에코프로,화학·소재
048830,엔피케이,화학·소재
014440,영보화학,화학·소재
045060,오공,화학·소재
251370,와이엠티,화학·소재
005820,원림,화학·소재
104830,원익머트리얼즈,화학·소재
014190,원익큐브,화학·소재
008370,원풍,화학·소재
196700,웹스,화학·소재
014830,유니드,화학·소재
008730,율촌화학,화학·소재
457190,이수스페셜티케미컬,화학·소재
005950,이수화학,화학·소재
000760,이화산업,화학·소재
352940,인바이오,화학·소재
001550,조비,화학·소재
003780,진양산업,화학·소재
010640,진양폴리,화학·소재
051630,진양화학,화학·소재
285800,진영,화학·소재
006380,카프로,화학·소재
221980,케이디켐,화학·소재
042040,케이피엠테크,화학·소재
220260,켐트로스,화학·소재
005070,코스모신소재,화학·소재
005420,코스모화학,화학·소재
120110,코오롱인더,화학·소재
120115,코오롱인더우,화학·소재
006890,태경케미컬,화학·소재
003240,태광산업,화학·소재
011280,태림포장,화학·소재
104480,티케이케미칼,화학·소재
005690,파미셀,화학·소재
251970,펌텍코리아,화학·소재
001020,페이퍼코리아,화학·소재
003670,포스코퓨처엠,화학·소재
023900,풍국주정,화학·소재
004090,한국석유,화학·소재
002200,한국수출포장,화학·소재
002960,한국쉘석유,화학·소재
017890,한국알콜,화학·소재
027970,한국제지,화학·소재
037230,한국팩키지,화학·소재
011500,한농화성,화학·소재
213500,한솔제지,화학·소재
014680,한솔케미칼,화학·소재
007770,한일화학,화학·소재
009460,한창제지,화학·소재
034810,해성산업,화학·소재
097870,효성오앤비,화학·소재
298000,효성화학,화학·소재
093370,후성,화학·소재
263920,휴엠앤씨,화학·소재
