종목코드,종목명,섹터
012030,DB,IT서비스
035600,KG이니시스,IT서비스
046440,KG파이낸셜,IT서비스
064400,LG씨엔에스,IT서비스
322180,LS티라유텍,IT서비스
181710,NHN,IT서비스
060250,NHN KCP,IT서비스
034310,NICE,IT서비스
063570,NICE인프라,IT서비스
357880,SKAI,IT서비스
079940,가비아,IT서비스
094480,갤럭시아머니트리,IT서비스
029480,광무,IT서비스
242040,나무기술,IT서비스
486990,노타,IT서비스
463020,뉴엔AI,IT서비스
064260,다날,IT서비스
020180,대신정보통신,IT서비스
045390,대아티아이,IT서비스
462860,더즌,IT서비스
263800,데이타솔루션,IT서비스
199150,데이터스트림즈,IT서비스
033130,디지틀조선,IT서비스
315640,딥노이드,IT서비스
403360,라피치,IT서비스
067730,로지시스,IT서비스
286940,롯데이노베이트,IT서비스
042500,링네트,IT서비스
377480,마음AI,IT서비스
072770,멤레이비티,IT서비스
279600,미디어젠,IT서비스
007120,미래아이앤지,IT서비스
199480,뱅크웨어글로벌,IT서비스
066410,버킷스튜디오,IT서비스
424760,벨로크,IT서비스
064480,브리지텍,IT서비스
413640,비아이매트릭스,IT서비스
054220,비츠로시스,IT서비스
307870,비투엔,IT서비스
377030,비트맥스,IT서비스
018260,삼성에스디에스,IT서비스
032680,소프트센,IT서비스
032685,소프트센우,IT서비스
304100,솔트룩스,IT서비스
328380,솔트웨어,IT서비스
035510,신세계 I&C,IT서비스
444530,심플랫폼,IT서비스
356890,싸이버원,IT서비스
189330,씨이랩,IT서비스
267850,아시아나IDT,IT서비스
403810,아이엘로보틱스,IT서비스
124500,아이티센글로벌,IT서비스
031820,아이티센씨티에스,IT서비스
010280,아이티센엔텍,IT서비스
243870,아이티센코어,IT서비스
232830,아이티센피엔에스,IT서비스
372800,아이티아이즈,IT서비스
038680,에스넷,IT서비스
488280,에스투더블유,IT서비스
234300,에스트래픽,IT서비스
443670,에스피소프트,IT서비스
064850,에프앤가이드,IT서비스
069410,엔텔스,IT서비스
169330,엠브레인,IT서비스
373170,엠아이큐브솔루션,IT서비스
173130,오파스넷,IT서비스
336060,웨이버스,IT서비스
121060,유니포인트,IT서비스
389680,유디엠텍,IT서비스
072130,유엔젤,IT서비스
067920,이글루,IT서비스
303530,이노뎁,IT서비스
333050,이노테나,IT서비스
065440,이루온,IT서비스
351330,이삭엔지니어링,IT서비스
067010,이씨에스,IT서비스
261520,이지스,IT서비스
033230,인성정보,IT서비스
465480,인스피언,IT서비스
311960,인터로이드,IT서비스
070590,인티큐브,IT서비스
115310,인포바인,IT서비스
039290,인포뱅크,IT서비스
045510,정원엔시스,IT서비스
377300,카카오페이,IT서비스
042000,카페24,IT서비스
038530,케이바이오랩스,IT서비스
431190,케이쓰리아이,IT서비스
115500,케이씨에스,IT서비스
093320,케이아이엔엑스,IT서비스
039420,케이엘넷,IT서비스
068100,케이웨더,IT서비스
052400,코나아이,IT서비스
391710,코닉오토메이션,IT서비스
294570,쿠콘,IT서비스
355390,크라우드웍스,IT서비스
040350,크레오에스지,IT서비스
393210,토마토시스템,IT서비스
057680,티사이언티픽,IT서비스
217880,틸론,IT서비스
022100,포스코DX,IT서비스
039980,폴라리스AI,IT서비스
367000,플래티어,IT서비스
452450,피아이이,IT서비스
163730,핑거,IT서비스
041460,한국전자인증,IT서비스
053300,한국정보인증,IT서비스
025770,한국정보통신,IT서비스
052600,한네트,IT서비스
408470,한패스,IT서비스
214180,헥토이노베이션,IT서비스
234340,헥토파이낸셜,IT서비스
307950,현대오토에버,IT서비스
073190,듀오백,가구
415380,스튜디오삼익,가구
134790,시디즈,가구
011090,에넥스,가구
003800,에이스침대,가구
309930,조이웍스앤코,가구
013890,지누스,가구
071950,코아스,가구
016800,퍼시스,가구
009240,한샘,가구
079430,현대리바트,가구
017940,E1,가스유틸리티
015360,INVENI,가스유틸리티
018670,SK가스,가스유틸리티
267290,경동도시가스,가스유틸리티
117580,대성에너지,가스유틸리티
016710,대성홀딩스,가스유틸리티
004690,삼천리,가스유틸리티
017390,서울가스,가스유틸리티
034590,인천도시가스,가스유틸리티
053050,지에스이,가스유틸리티
036460,한국가스공사,가스유틸리티
003480,한진중공업홀딩스,가스유틸리티
024940,PN풍년,가정용기기와용품
009450,경동나비엔,가정용기기와용품
407400,꿈비,가정용기기와용품
014470,부방,가정용기기와용품
042600,새로닉스,가정용기기와용품
352090,스톰테크,가정용기기와용품
065350,신성델타테크,가정용기기와용품
002700,신일전자,가정용기기와용품
270660,에브리봇,가정용기기와용품
317870,엔바이오니아,가정용기기와용품
342870,오아,가정용기기와용품
067170,오텍,가정용기기와용품
044340,위닉스,가정용기기와용품
021240,코웨이,가정용기기와용품
192400,쿠쿠홀딩스,가정용기기와용품
284740,쿠쿠홈시스,가정용기기와용품
037070,파세코,가정용기기와용품
487580,폴레드,가정용기기와용품
376180,피코그램,가정용기기와용품
066130,하츠,가정용기기와용품
256150,한독크린텍,가정용기기와용품
317240,TS트릴리온,가정용품
012690,모나리자,가정용품
318410,비비씨,가정용품
009770,삼정펄프,가정용품
203690,아크솔루션스,가정용품
110020,전진바이오팜,가정용품
299480,지앤이헬스케어,가정용품
233990,질경이,가정용품
225430,케이엠제약,가정용품
053620,태양,가정용품
331660,한국미라클피플사,가정용품
032620,GC메디아이,건강관리기술
380550,뉴로핏,건강관리기술
328130,루닛,건강관리기술
338220,뷰노,건강관리기술
032850,비트컴퓨터,건강관리기술
035610,솔본,건강관리기술
394800,쓰리빌리언,건강관리기술
458870,씨어스,건강관리기술
099750,이지케어텍,건강관리기술
071200,인피니트헬스케어,건강관리기술
322510,제이엘케이,건강관리기술
384470,코어라인소프트,건강관리기술
180400,DXVX,건강관리업체및서비스
376270,HEM파마,건강관리업체및서비스
246960,SCL사이언스,건강관리업체및서비스
348150,고바이오랩,건강관리업체및서비스
086220,광동헬스바이오,건강관리업체및서비스
194700,노바렉스,건강관리업체및서비스
123840,뉴온,건강관리업체및서비스
270870,뉴트리,건강관리업체및서비스
439580,블루엠텍,건강관리업체및서비스
065170,비엘팜텍,건강관리업체및서비스
238200,비피도,건강관리업체및서비스
226330,신테카바이오,건강관리업체및서비스
217330,싸이토젠,건강관리업체및서비스
251280,안지오랩,건강관리업체및서비스
293780,압타바이오,건강관리업체및서비스
239610,에이치엘사이언스,건강관리업체및서비스
357230,에이치피오,건강관리업체및서비스
221800,지구홀딩스,건강관리업체및서비스
144510,지씨셀,건강관리업체및서비스
085660,차바이오텍,건강관리업체및서비스
263700,케어랩스,건강관리업체및서비스
214370,케어젠,건강관리업체및서비스
043710,코스리거글로벌,건강관리업체및서비스
044820,코스맥스비티아이,건강관리업체및서비스
222040,코스맥스엔비티,건강관리업체및서비스
200130,콜마비앤에이치,건강관리업체및서비스
318010,팜스빌,건강관리업체및서비스
377220,프롬바이오,건강관리업체및서비스
353190,휴럼,건강관리업체및서비스
028300,HLB,건강관리장비와용품
067630,HLB생명과학,건강관리장비와용품
318060,그래피,건강관리장비와용품
244880,나눔테크,건강관리장비와용품
138610,나이벡,건강관리장비와용품
389650,넥스트바이오메디컬,건강관리장비와용품
376930,노을,건강관리장비와용품
142280,녹십자엠에스,건강관리장비와용품
290660,다이나믹솔루션,건강관리장비와용품
261200,덴티스,건강관리장비와용품
145720,덴티움,건강관리장비와용품
303810,동국생명과학,건강관리장비와용품
240550,동방메디컬,건강관리장비와용품
263690,디알젬,건강관리장비와용품
214680,디알텍,건강관리장비와용품
039840,디오,건강관리장비와용품
462510,라메디텍,건강관리장비와용품
228670,레이,건강관리장비와용품
228850,레이언스,건강관리장비와용품
199550,레이저옵텍,건강관리장비와용품
376900,로킷헬스케어,건강관리장비와용품
214610,롤링스톤,건강관리장비와용품
253610,루트락,건강관리장비와용품
302550,리메드,건강관리장비와용품
491000,리브스메드,건강관리장비와용품
394420,리센스메디컬,건강관리장비와용품
305090,마이크로디지탈,건강관리장비와용품
448780,마이크로엔엑스,건강관리장비와용품
200580,메디쎄이,건강관리장비와용품
041920,메디아나,건강관리장비와용품
233250,메디안디노스틱,건강관리장비와용품
059210,메타바이오메드,건강관리장비와용품
058110,멕아이씨에스,건강관리장비와용품
377740,바이오노트,건강관리장비와용품
314930,바이오다인,건강관리장비와용품
199290,바이오프로테크,건강관리장비와용품
099430,바이오플러스,건강관리장비와용품
043150,바텍,건강관리장비와용품
100120,뷰웍스,건강관리장비와용품
419540,비스토스,건강관리장비와용품
188260,세니젠,건강관리장비와용품
100700,세운메디칼,건강관리장비와용품
258830,세종메디칼,건강관리장비와용품
108860,셀바스AI,건강관리장비와용품
208370,셀바스헬스케어,건강관리장비와용품
253840,수젠텍,건강관리장비와용품
048870,시너지이노베이션,건강관리장비와용품
056090,시지메드텍,건강관리장비와용품
004080,신흥,건강관리장비와용품
115480,씨유메디칼,건강관리장비와용품
246720,아스타,건강관리장비와용품
450950,아스테라시스,건강관리장비와용품
099190,아이센스,건강관리장비와용품
456570,아이엠지티,건강관리장비와용품
447690,아이오바이오,건강관리장비와용품
043100,알파AI,건강관리장비와용품
390110,애니메디솔루션,건강관리장비와용품
137310,에스디바이오센서,건강관리장비와용품
398120,에스지헬스케어,건강관리장비와용품
455900,엔젤로보틱스,건강관리장비와용품
290650,엘앤씨바이오,건강관리장비와용품
156100,엘앤케이바이오,건강관리장비와용품
179290,엠아이텍,건강관리장비와용품
212310,오건에코텍,건강관리장비와용품
332190,오션스바이오,건강관리장비와용품
226400,오스테오닉,건강관리장비와용품
307280,원바이오젠,건강관리장비와용품
336570,원텍,건강관리장비와용품
337840,유엑스엔,건강관리장비와용품
294090,이오플로우,건강관리장비와용품
041830,인바디,건강관리장비와용품
119610,인터로조,건강관리장비와용품
234920,자이글,건강관리장비와용품
122310,제노레이,건강관리장비와용품
225220,제놀루션,건강관리장비와용품
054950,제이브이엠,건강관리장비와용품
216080,제테마,건강관리장비와용품
229000,젠큐릭스,건강관리장비와용품
228760,지노믹트리,건강관리장비와용품
363250,진시스템,건강관리장비와용품
402420,켈스,건강관리장비와용품
104540,코렌텍,건강관리장비와용품
060280,큐렉소,건강관리장비와용품
214150,클래시스,건강관리장비와용품
336040,타스컴,건강관리장비와용품
340570,티앤엘,건강관리장비와용품
214450,파마리서치,건강관리장비와용품
387570,파인메딕스,건강관리장비와용품
327610,펨토바이오메드,건강관리장비와용품
303360,프로티아,건강관리장비와용품
405000,플라즈맵,건강관리장비와용품
460940,피앤에스로보틱스,건강관리장비와용품
006140,피제이전자,건강관리장비와용품
304840,피플바이오,건강관리장비와용품
450330,하스,건강관리장비와용품
149980,하이로닉,건강관리장비와용품
256840,한국비엔씨,건강관리장비와용품
219750,한국비티비,건강관리장비와용품
042520,한스바이오메드,건강관리장비와용품
372910,한컴라이프케어,건강관리장비와용품
065510,휴비츠,건강관리장비와용품
056730,CNT85,건설
375500,DL이앤씨,건설
006360,GS건설,건설
012630,HDC,건설
039570,HDC랩스,건설
097230,HJ중공업,건설
014790,HL D&I,건설
002460,HS화성,건설
294870,IPARK현대산업개발,건설
021320,KCC건설,건설
044180,KD,건설
060370,LS마린솔루션,건설
016250,SGC E&C,건설
013580,계룡건설,건설
066620,국보디자인,건설
002990,금호건설,건설
002995,금호건설우,건설
036190,금화피에스시,건설
013700,까뮤이앤씨,건설
001260,남광토건,건설
091590,남화토건,건설
069140,누리플랜,건설
047040,대우건설,건설
007680,대원,건설
002150,도화엔지니어링,건설
005960,동부건설,건설
005965,동부건설우,건설
025950,동신건설,건설
028100,동아지질,건설
013120,동원개발,건설
002410,범양건영,건설
001470,삼부토건,건설
028050,삼성E&A,건설
002290,삼일기업공사,건설
010960,삼호개발,건설
042940,상지건설,건설
011370,서한,건설
035890,서희건설,건설
037350,성도이엔지,건설
011560,세보엠이씨,건설
049180,셀루메드,건설
013810,스페코,건설
017000,신원종합개발,건설
010780,아이에스동서,건설
085810,알티캐스트,건설
224810,엄지하우스,건설
023960,에쓰씨엔지니어링,건설
475230,엔알비,건설
046940,우원개발,건설
010400,우진아이엔에스,건설
065950,웰크론,건설
076080,웰크론한텍,건설
054930,유신,건설
001840,이화공영,건설
013360,일성건설,건설
094820,일진파워,건설
317400,자이에스앤디,건설
418550,제이오,건설
076340,지에이이노더스,건설
002780,진흥기업,건설
002787,진흥기업2우B,건설
002785,진흥기업우B,건설
003070,코오롱글로벌,건설
003075,코오롱글로벌우,건설
009410,태영건설,건설
009415,태영건설우,건설
026150,특수건설,건설
227100,프로브잇,건설
041590,플래스크,건설
023350,한국종합기술,건설
053690,한미글로벌,건설
066980,한성크린텍,건설
004960,한신공영,건설
000720,현대건설,건설
000725,현대건설우,건설
037440,희림,건설
225530,HC보광산업,건축자재
060560,HC홈센타,건축자재
002380,KCC,건축자재
344820,KCC글라스,건축자재
112190,KC산업,건축자재
108670,LX하우시스,건축자재
108675,LX하우시스우,건축자재
008260,NI스틸,건축자재
255220,SG,건축자재
000390,SP삼화,건축자재
000860,강남제비스코,건축자재
198440,강동씨앤엘,건축자재
186230,그린플러스,건축자재
090350,노루페인트,건축자재
090355,노루페인트우,건축자재
000320,노루홀딩스,건축자재
000325,노루홀딩스우,건축자재
058730,다스코,건축자재
224060,더코디,건축자재
090410,덕신이피씨,건축자재
001520,동양,건축자재
001527,동양2우B,건축자재
001525,동양우,건축자재
228340,동양파일,건축자재
025900,동화기업,건축자재
171120,라이온켐텍,건축자재
006920,모헨즈,건축자재
007210,벽산,건축자재
011390,부산산업,건축자재
004440,삼일씨엔에스,건축자재
038500,삼표시멘트,건축자재
079650,서산,건축자재
004980,성신양회,건축자재
004985,성신양회우,건축자재
002030,아세아,건축자재
183190,아세아시멘트,건축자재
109610,에스와이,건축자재
365330,에스와이스틸텍,건축자재
234070,에이원큐브텍,건축자재
192390,윈하이텍,건축자재
446070,유니드비티플러스,건축자재
000910,유니온,건축자재
023410,유진기업,건축자재
008250,이건산업,건축자재
039020,이건홀딩스,건축자재
007110,일신석재,건축자재
254160,제이엠멀티,건축자재
004910,조광페인트,건축자재
004870,티웨이홀딩스,건축자재
025750,한솔홈데코,건축자재
300720,한일시멘트,건축자재
003300,한일홀딩스,건축자재
006050,국영지앤엠,건축제품
014280,금강공업,건축제품
014285,금강공업우,건축제품
060260,뉴보텍,건축제품
005750,대림바스,건축제품
006570,대림통상,건축제품
206400,베노티앤알,건축제품
018310,삼목에스폼,건축제품
052300,오션인더블유,건축제품
079000,와토스코리아,건축제품
038010,제일테크노스,건축제품
022220,티케이지애강,건축제품
035200,프럼파스트,건축제품
036570,NC,게임엔터테인먼트
950190,고스트스튜디오,게임엔터테인먼트
094860,네오리진,게임엔터테인먼트
095660,네오위즈,게임엔터테인먼트
042420,네오위즈홀딩스,게임엔터테인먼트
225570,넥슨게임즈,게임엔터테인먼트
205500,넥써쓰,게임엔터테인먼트
217270,넵튠,게임엔터테인먼트
251270,넷마블,게임엔터테인먼트
192080,더블유게임즈,게임엔터테인먼트
194480,데브시스터즈,게임엔터테인먼트
030350,드래곤플라이,게임엔터테인먼트
348030,모비릭스,게임엔터테인먼트
201490,미투온,게임엔터테인먼트
331520,밸로프,게임엔터테인먼트
462870,시프트업,게임엔터테인먼트
208640,썸에이지,게임엔터테인먼트
052770,아이톡시,게임엔터테인먼트
052790,액토즈소프트,게임엔터테인먼트
058630,엠게임,게임엔터테인먼트
069080,웹젠,게임엔터테인먼트
112040,위메이드,게임엔터테인먼트
101730,위메이드맥스,게임엔터테인먼트
123420,위메이드플레이,게임엔터테인먼트
067000,조이시티,게임엔터테인먼트
293490,카카오게임즈,게임엔터테인먼트
078340,컴투스,게임엔터테인먼트
063080,컴투스홀딩스,게임엔터테인먼트
259960,크래프톤,게임엔터테인먼트
204610,티쓰리,게임엔터테인먼트
266350,팡스카이,게임엔터테인먼트
263750,펄어비스,게임엔터테인먼트
023770,플레이위드,게임엔터테인먼트
047080,한빛소프트,게임엔터테인먼트
035000,HS애드,광고
089600,KT나스미디어,광고
048550,SM C&C,광고
362990,드림인사이트,광고
363260,모비데이즈,광고
050090,비케이홀딩스,광고
397810,애드포러스,광고
458350,에스팀,광고
236810,엔비티,광고
291230,엔피,광고
010470,오리콤,광고
273060,와이즈버즈,광고
214320,이노션,광고
123570,이엠넷,광고
216050,인크로스,광고
030000,제일기획,광고
351870,차이커뮤니케이션,광고
237820,플레이디,광고
053290,NE능률,교육서비스
057030,YBM넷,교육서비스
035290,골드앤에스,교육서비스
019680,대교,교육서비스
019685,대교우B,교육서비스
373160,데이원컴퍼니,교육서비스
068930,디지털대성,교육서비스
215100,로보로보,교육서비스
067280,멀티캠퍼스,교육서비스
072870,메가스터디,교육서비스
215200,메가스터디교육,교육서비스
133750,메가엠디,교육서비스
208890,미래엔에듀파트너,교육서비스
457600,벡트,교육서비스
100220,비상교육,교육서비스
339950,아이비김영,교육서비스
461300,아이스크림미디어,교육서비스
289010,아이스크림에듀,교육서비스
475580,에이럭스,교육서비스
095720,웅진씽크빅,교육서비스
084440,유비온,교육서비스
134060,이퓨쳐,교육서비스
040420,정상제이엘에스,교육서비스
096240,크레버스,교육서비스
060310,3S,기계
015590,DKME,기계
267270,HD건설기계,기계
036560,KZ정밀,기계
048770,TPC로보틱스,기계
002900,TYM,기계
092440,기신정기,기계
051490,나라엠앤디,기계
459510,나우로보틱스,기계
089140,넥스턴앤롤코리아,기계
348340,뉴로메카,기계
068240,다원시스,기계
000490,대동,기계
008830,대동기어,기계
317850,대모,기계
129920,대성하이텍,기계
114920,대주이엔티,기계
015230,대창단조,기계
109860,동일금속,기계
454910,두산로보틱스,기계
241560,두산밥캣,기계
034020,두산에너빌리티,기계
210540,디와이파워,기계
104460,디와이피엔에프,기계
105740,디케이락,기계
277810,레인보우로보틱스,기계
090360,로보스타,기계
108490,로보티즈,기계
474650,링크솔루션,기계
417970,모델솔루션,기계
496320,본시스템즈,기계
008470,부스타,기계
251630,브이원텍,기계
086670,비엠티,기계
012210,삼미금속,기계
004380,삼익THK,기계
100660,서암기계공업,기계
014620,성광벤드,기계
017550,수산세보틱스,기계
099440,스맥,기계
138070,신진에스엠,기계
095190,신화프리텍,기계
475400,씨메스로보틱스,기계
297090,씨에스베어링,기계
480370,씨케이솔루션,기계
413630,씨피시스템,기계
050860,아세아텍,기계
159010,아스플로,기계
140670,알에스오토메이션,기계
138360,앤로보틱스,기계
019990,에너토크,기계
389500,에스비비테크,기계
056190,에스에프에이,기계
317830,에스피시스템스,기계
043340,에쎈테크,기계
195990,에이비프로바이오,기계
044780,에이치케이,기계
071670,에이테크솔루션,기계
007820,엠엑스로보틱스,기계
019210,와이지-원,기계
101170,우림피티에스,기계
105840,우진,기계
049800,우진플라임,기계
388720,유일로보틱스,기계
056080,유진로봇,기계
074610,이엔플러스,기계
079900,전진건설로봇,기계
381620,제닉스로보틱스,기계
036890,진성티이씨,기계
053080,케이엔솔,기계
199430,케이엔알시스템,기계
024880,케이피에프,기계
049430,코메론,기계
439960,코스모로보틱스,기계
282880,코윈테크,기계
466100,클로봇,기계
023160,태광,기계
073640,테라사이언스,기계
117730,티로보틱스,기계
043220,티에스넥스젠,기계
484810,티엑스알로보틱스,기계
033540,파라텍,기계
119500,포메탈,기계
053160,프리엠스,기계
013030,하이록코리아,기계
160190,하이젠알앤엠,기계
101680,한국정밀기계,기계
452280,한선엔지니어링,기계
011700,한신기계,기계
059270,해성에어로보틱스,기계
319400,현대무벡스,기계
041440,현대에버다임,기계
017800,현대엘리베이터,기계
003010,혜인,기계
039610,화성밸브,기계
010660,화천기계,기계
000850,화천기공,기계
090710,휴림로봇,기계
010240,흥국,기계
451060,1Q 200액티브,기타
491610,1Q CD금리액티브(합성),기타
463290,1Q 단기금융채액티브,기타
479080,1Q 머니마켓액티브,기타
495330,1Q 코리아밸류업,기타
492500,1Q 현대차그룹채권(A+이상)&국고통안,기타
473440,ACE 11월만기자동연장회사채AA-이상액티브,기타
105190,ACE 200,기타
332500,ACE 200TR,기타
461270,ACE 26-06 회사채(AA-이상)액티브,기타
475260,ACE 2월만기자동연장회사채AA-이상액티브,기타
385600,ACE 2차전지&친환경차액티브,기타
475270,ACE 5월만기자동연장회사채AA-이상액티브,기타
475280,ACE 8월만기자동연장회사채AA-이상액티브,기타
469150,ACE AI반도체TOP3+,기타
385590,ACE ESG액티브,기타
226380,ACE Fn성장소비주도주,기타
475050,ACE KPOP포커스,기타
411060,ACE KRX금현물,기타
291130,ACE MSCI멕시코(합성),기타
256440,ACE MSCI인도네시아(합성),기타
261920,ACE MSCI필리핀(합성),기타
225130,ACE 골드선물 레버리지(합성 H),기타
483340,ACE 구글밸류체인액티브,기타
365780,ACE 국고채10년,기타
114460,ACE 국고채3년,기타
494340,ACE 글로벌AI맞춤형반도체,기타
446770,ACE 글로벌반도체TOP4 Plus,기타
435040,ACE 글로벌브랜드TOP10,기타
497510,ACE 글로벌빅파마,기타
460960,ACE 글로벌인컴TOP10,기타
414270,ACE 글로벌자율주행액티브,기타
440640,ACE 단기채권알파액티브,기타
190620,ACE 단기통안채,기타
494330,ACE 라이프자산주주가치액티브,기타
265690,ACE 러시아MSCI(합성),기타
152500,ACE 레버리지,기타
483330,ACE 마이크로소프트밸류체인액티브,기타
487340,ACE 머니마켓액티브,기타
452250,ACE 미국30년국채선물레버리지(합성 H),기타
476760,ACE 미국30년국채액티브,기타
453850,ACE 미국30년국채액티브(H),기타
476750,ACE 미국30년국채엔화노출액티브(H),기타
480030,ACE 미국500데일리타겟커버드콜(합성),기타
280320,ACE 미국IT인터넷(합성 H),기타
360200,ACE 미국S&P500,기타
438080,ACE 미국S&P500미국채혼합50액티브,기타
309230,ACE 미국WideMoat동일가중,기타
367380,ACE 미국나스닥100,기타
438100,ACE 미국나스닥100미국채혼합50액티브,기타
456880,ACE 미국달러SOFR금리(합성),기타
440650,ACE 미국달러단기채권액티브,기타
480040,ACE 미국반도체데일리타겟커버드콜(합성),기타
402970,ACE 미국배당다우존스,기타
181480,ACE 미국부동산리츠(합성 H),기타
480020,ACE 미국빅테크7+데일리타겟커버드콜(합성),기타
465580,ACE 미국빅테크TOP7 Plus,기타
465610,ACE 미국빅테크TOP7 Plus레버리지(합성),기타
465620,ACE 미국빅테크TOP7 Plus인버스(합성),기타
473590,ACE 미국주식베스트셀러,기타
391600,ACE 미국친환경그린테마,기타
455660,ACE 미국하이일드액티브(H),기타
245710,ACE 베트남VN30(합성),기타
131890,ACE 삼성그룹동일가중,기타
108450,ACE 삼성그룹섹터가중,기타
316300,ACE 싱가포르리츠,기타
277540,ACE 아시아TOP50,기타
483420,ACE 애플밸류체인액티브,기타
483320,ACE 엔비디아밸류체인액티브,기타
448540,ACE 엔비디아채권혼합,기타
433500,ACE 원자력TOP10,기타
487920,ACE 인도시장대표BIG5그룹액티브,기타
487910,ACE 인도컨슈머파워액티브,기타
145670,ACE 인버스,기타
497520,ACE 일라이릴리밸류체인,기타
238720,ACE 일본Nikkei225(H),기타
196030,ACE 일본TOPIX레버리지(H),기타
205720,ACE 일본TOPIX인버스(합성 H),기타
469160,ACE 일본반도체,기타
356540,ACE 종합채권(AA-이상)액티브,기타
447430,ACE 주주환원가치주액티브,기타
416090,ACE 중국과창판STAR50,기타
168580,ACE 중국본토CSI300,기타
219900,ACE 중국본토CSI300레버리지(합성),기타
272910,ACE 중장기국공채액티브,기타
371870,ACE 차이나항셍테크,기타
380340,ACE 코리아AI테크핵심산업,기타
496120,ACE 코리아밸류업,기타
354500,ACE 코스닥150,기타
305050,ACE 코스피,기타
457480,ACE 테슬라밸류체인액티브,기타
469170,ACE 포스코그룹포커스,기타
495710,BNK 26-06 특수채(AAA이상)액티브,기타
466810,BNK 2차전지양극재,기타
457930,BNK 미래전략기술액티브,기타
487750,BNK 온디바이스AI,기타
445690,BNK 주주가치액티브,기타
486240,DAISHIN343 AI반도체&인프라액티브,기타
434960,DAISHIN343 K200,기타
448570,FOCUS AI코리아액티브,기타
285690,FOCUS ESG리더스,기타
293180,HANARO 200,기타
407310,HANARO 200 TOP10,기타
332930,HANARO 200TR,기타
304780,HANARO 200선물레버리지,기타
306520,HANARO 200선물인버스,기타
448490,HANARO 32-10 국고채액티브,기타
454320,HANARO CAPEX설비투자iSelect,기타
395290,HANARO Fn K-POP&미디어,기타
395280,HANARO Fn K-게임,기타
368190,HANARO Fn K-뉴딜디지털플러스,기타
402460,HANARO Fn K-메타버스MZ,기타
395270,HANARO Fn K-반도체,기타
438900,HANARO Fn K-푸드,기타
367740,HANARO Fn5G산업,기타
407300,HANARO Fn골프테마,기타
381560,HANARO Fn전기&수소차,기타
441540,HANARO Fn조선해운,기타
381570,HANARO Fn친환경에너지,기타
479850,HANARO K-뷰티,기타
453060,HANARO KOFR금리액티브(합성),기타
304760,HANARO KRX300,기타
322410,HANARO K고배당,기타
332940,HANARO MSCI Korea TR,기타
322400,HANARO e커머스,기타
473640,HANARO 글로벌금채굴기업,기타
354350,HANARO 글로벌럭셔리S&P(합성),기타
461340,HANARO 글로벌생성형AI액티브,기타
424460,HANARO 글로벌워터MSCI(합성),기타
401590,HANARO 글로벌탄소배출권선물ICE(합성),기타
314700,HANARO 농업융복합산업,기타
486830,HANARO 머니마켓액티브,기타
432840,HANARO 미국S&P500,기타
498050,HANARO 바이오코리아액티브,기타
476260,HANARO 반도체핵심공정주도주,기타
434730,HANARO 원자력iSelect,기타
491820,HANARO 전력설비투자,기타
461500,HANARO 종합채권(AA-이상)액티브,기타
495750,HANARO 코리아밸류업,기타
304770,HANARO 코스닥150,기타
306530,HANARO 코스닥150선물레버리지,기타
375760,HANARO 탄소효율그린뉴딜,기타
491700,HK 200,기타
215620,HK S&P코리아로우볼,기타
391670,HK 베스트일레븐액티브,기타
472920,HK 종합채권(AA-이상)액티브,기타
472840,IBK 200,기타
580074,KB BYD 밸류체인 ETN,기타
580058,KB KIS CD금리투자 ETN,기타
580068,KB S&P 레버리지 WTI원유 선물 ETN B,기타
580026,KB S&P 레버리지 은 선물 ETN(H),기타
580035,KB S&P 유럽탄소배출권 선물 ETN(H),기타
580069,KB S&P 인버스 2X WTI원유 선물 ETN B,기타
580010,KB Wise 분할매매 ETN,기타
580070,KB 레버리지 2차전지 TOP 10 TR ETN,기타
580075,KB 레버리지 BYD 밸류체인 ETN,기타
580034,KB 레버리지 FANG 플러스 ETN(H),기타
580043,KB 레버리지 KOSDAQ 150 선물 ETN,기타
580039,KB 레버리지 KOSPI 200 선물 ETN,기타
580032,KB 레버리지 구리 선물 ETN(H),기타
580022,KB 레버리지 금 선물 ETN(H),기타
580083,KB 레버리지 미국 S&P500 선물 ETN B,기타
580076,KB 레버리지 미국 나스닥 100 TR ETN B,기타
580060,KB 레버리지 미국채 10년 ETN,기타
580063,KB 레버리지 미국채 10년 선물 ETN,기타
580062,KB 레버리지 미국채 30년 ETN,기타
580051,KB 레버리지 밀 선물 ETN,기타
580082,KB 레버리지 반도체 TOP10 TR ETN,기타
580079,KB 레버리지 은 선물 ETN,기타
580053,KB 레버리지 콩 선물 ETN,기타
580047,KB 레버리지 항셍테크 선물 ETN(H) B,기타
580073,KB 레버리지 화웨이 밸류체인 ETN,기타
580059,KB 미국채 10년 ETN,기타
580061,KB 미국채 30년 ETN,기타
580086,KB 솔랙티브 레버리지 천연가스 선물 ETN,기타
580087,KB 솔랙티브 인버스 천연가스 선물 ETN,기타
580085,KB 솔랙티브 천연가스 선물 ETN,기타
580078,KB 은 선물 ETN,기타
580066,KB 인도 대형 성장주 Select 5 ETN,기타
580067,KB 인도 디지털 Select 5 ETN,기타
580044,KB 인버스 2X KOSDAQ 150 선물 ETN,기타
580088,KB 인버스 2X KOSPI 200 선물 ETN B,기타
580033,KB 인버스 2X 구리 선물 ETN(H),기타
580023,KB 인버스 2X 금 선물 ETN(H),기타
580084,KB 인버스 2X 미국 S&P500 선물 ETN B,기타
580077,KB 인버스 2X 미국 나스닥 100 TR ETN B,기타
580064,KB 인버스 2X 미국채 10년 선물 ETN,기타
580052,KB 인버스 2X 밀 선물 ETN,기타
580081,KB 인버스 2X 은 선물 ETN,기타
580071,KB 인버스 2X 천연가스 선물 ETN B,기타
580054,KB 인버스 2X 콩 선물 ETN,기타
580080,KB 인버스 은 선물 ETN,기타
580056,KB 일본 로보틱스 TOP 10 ETN,기타
580057,KB 일본 컨슈머 TOP 10 ETN,기타
580050,KB 차이나 과창판 STAR 50 ETN,기타
580048,KB 차이나 대형주 CSI 300 ETN,기타
580049,KB 차이나 중형주 CSI 500 ETN,기타
580065,KB 코스닥 150 TR ETN,기타
580072,KB 화웨이 밸류체인 ETN,기타
483570,KCGI 미국S&P500 TOP10,기타
069660,KIWOOM 200,기타
294400,KIWOOM 200TR,기타
253250,KIWOOM 200선물레버리지,기타
253240,KIWOOM 200선물인버스,기타
253230,KIWOOM 200선물인버스2X,기타
464240,KIWOOM 26-09회사채(AA-이상)액티브,기타
458210,KIWOOM CD금리액티브(합성),기타
488200,KIWOOM K-2차전지북미공급망,기타
488210,KIWOOM K-반도체북미공급망,기타
100910,KIWOOM KRX100,기타
435530,KIWOOM TDF2030액티브 적격,기타
435540,KIWOOM TDF2040액티브 적격,기타
435550,KIWOOM TDF2050액티브 적격,기타
148070,KIWOOM 국고채10년,기타
167860,KIWOOM 국고채10년레버리지,기타
471460,KIWOOM 국고채30년액티브,기타
114470,KIWOOM 국고채3년,기타
473490,KIWOOM 글로벌AI반도체,기타
489860,KIWOOM 글로벌전력GRID인프라,기타
130730,KIWOOM 단기자금,기타
419890,KIWOOM 단기채권ESG액티브,기타
411860,KIWOOM 독일DAX,기타
476450,KIWOOM 머니마켓액티브,기타
430500,KIWOOM 물가채KIS,기타
449770,KIWOOM 미국S&P500,기타
449780,KIWOOM 미국S&P500(H),기타
453080,KIWOOM 미국나스닥100(H),기타
460270,KIWOOM 미국달러SOFR금리액티브(합성),기타
138230,KIWOOM 미국달러선물,기타
225800,KIWOOM 미국달러선물레버리지,기타
139660,KIWOOM 미국달러선물인버스,기타
230480,KIWOOM 미국달러선물인버스2X,기타
373790,KIWOOM 미국방어배당성장나스닥,기타
483030,KIWOOM 미국블록버스터바이오테크의약품+,기타
459790,KIWOOM 미국성장기업30액티브,기타
498270,KIWOOM 미국양자컴퓨팅,기타
474800,KIWOOM 미국원유에너지기업,기타
104520,KIWOOM 블루칩,기타
483020,KIWOOM 의료AI,기타
200250,KIWOOM 인도Nifty50(합성),기타
454780,KIWOOM 종합채권(AA-이상)액티브,기타
454180,KIWOOM 차이나내수소비TOP CSI,기타
104530,KIWOOM 코리아고배당,기타
496090,KIWOOM 코리아밸류업,기타
469790,KIWOOM 코리아테크TOP10,기타
316670,KIWOOM 코스닥150,기타
291630,KIWOOM 코스닥150선물레버리지,기타
291620,KIWOOM 코스닥150선물인버스,기타
153270,KIWOOM 코스피100,기타
122260,KIWOOM 통안채1년,기타
069500,KODEX 200,기타
226980,KODEX 200 중소형,기타
337160,KODEX 200ESG,기타
363580,KODEX 200IT TR,기타
278530,KODEX 200TR,기타
337150,KODEX 200exTOP,기타
223190,KODEX 200가치저변동,기타
252650,KODEX 200동일가중,기타
360140,KODEX 200롱코스닥150숏선물,기타
284430,KODEX 200미국채혼합,기타
252670,KODEX 200선물인버스2X,기타
494890,KODEX 200액티브,기타
498400,KODEX 200타겟위클리커버드콜,기타
473290,KODEX 26-12 회사채(AA-이상)액티브,기타
305720,KODEX 2차전지산업,기타
462330,KODEX 2차전지산업레버리지,기타
461950,KODEX 2차전지핵심소재10,기타
457690,KODEX 33-06 국고채액티브,기타
271060,KODEX 3대농산물선물(H),기타
457700,KODEX 53-09 국고채액티브,기타
395160,KODEX AI반도체TOP2플러스,기타
471990,KODEX AI반도체핵심장비,기타
487240,KODEX AI전력핵심설비,기타
481050,KODEX CD1년금리플러스액티브(합성),기타
459580,KODEX CD금리액티브(합성),기타
439860,KODEX ESG종합채권(A-이상)액티브,기타
266370,KODEX IT,기타
368680,KODEX K-뉴딜디지털플러스,기타
423160,KODEX KOFR금리액티브(합성),기타
292190,KODEX KRX300,기타
306950,KODEX KRX300레버리지,기타
229720,KODEX KTOP30,기타
266360,KODEX K콘텐츠,기타
291890,KODEX MSCI EM선물(H),기타
289040,KODEX MSCI KOREA ESG유니버설,기타
156080,KODEX MSCI Korea,기타
278540,KODEX MSCI Korea TR,기타
251350,KODEX MSCI선진국,기타
269420,KODEX S&P글로벌인프라(합성),기타
433970,KODEX TDF2030액티브 적격,기타
433980,KODEX TDF2040액티브 적격,기타
434060,KODEX TDF2050액티브 적격,기타
329650,KODEX TRF3070,기타
329660,KODEX TRF5050,기타
329670,KODEX TRF7030,기타
395170,KODEX Top10동일가중,기타
315930,KODEX Top5PlusTR,기타
261220,KODEX WTI원유선물(H),기타
271050,KODEX WTI원유선물인버스(H),기타
468370,KODEX iShares미국인플레이션국채액티브,기타
468630,KODEX iShares미국투자등급회사채액티브,기타
468380,KODEX iShares미국하이일드액티브,기타
275290,KODEX 가치주,기타
117700,KODEX 건설,기타
300950,KODEX 게임산업,기타
266390,KODEX 경기소비재,기타
279530,KODEX 고배당주,기타
132030,KODEX 골드선물(H),기타
280940,KODEX 골드선물인버스(H),기타
138910,KODEX 구리선물(H),기타
471230,KODEX 국고채10년액티브,기타
439870,KODEX 국고채30년액티브,기타
114260,KODEX 국고채3년,기타
152380,KODEX 국채선물10년,기타
176950,KODEX 국채선물10년인버스,기타
292770,KODEX 국채선물3년인버스,기타
276990,KODEX 글로벌로봇(합성),기타
476070,KODEX 글로벌비만치료제TOP2 Plus,기타
498410,KODEX 금융고배당TOP10타겟위클리커버드콜,기타
102960,KODEX 기계장비,기타
404260,KODEX 기후변화솔루션,기타
273140,KODEX 단기변동금리부채권액티브,기타
153130,KODEX 단기채권,기타
214980,KODEX 단기채권PLUS,기타
487950,KODEX 대만테크고배당다우존스,기타
122630,KODEX 레버리지,기타
445290,KODEX 로봇액티브,기타
488770,KODEX 머니마켓액티브,기타
321410,KODEX 멀티에셋하이인컴(H),기타
337120,KODEX 멀티팩터,기타
401470,KODEX 메타버스액티브,기타
244620,KODEX 모멘텀Plus,기타
275280,KODEX 모멘텀주,기타
308620,KODEX 미국10년국채선물,기타
484790,KODEX 미국30년국채액티브(H),기타
304660,KODEX 미국30년국채울트라선물(H),기타
304670,KODEX 미국30년국채울트라선물인버스(H),기타
481060,KODEX 미국30년국채타겟커버드콜(합성 H),기타
487230,KODEX 미국AI전력핵심인프라,기타
485540,KODEX 미국AI테크TOP10,기타
483280,KODEX 미국AI테크TOP10타겟커버드콜,기타
428560,KODEX 미국ETF산업Top10 Indxx,기타
379800,KODEX 미국S&P500,기타
449180,KODEX 미국S&P500(H),기타
453660,KODEX 미국S&P500경기소비재,기타
453650,KODEX 미국S&P500금융,기타
276970,KODEX 미국S&P500배당귀족커버드콜(합성 H),기타
200030,KODEX 미국S&P500산업재(합성),기타
219480,KODEX 미국S&P500선물(H),기타
218420,KODEX 미국S&P500에너지(합성),기타
463640,KODEX 미국S&P500유틸리티,기타
463690,KODEX 미국S&P500커뮤니케이션,기타
463680,KODEX 미국S&P500테크놀로지,기타
453630,KODEX 미국S&P500필수소비재,기타
453640,KODEX 미국S&P500헬스케어,기타
185680,KODEX 미국S&P바이오(합성),기타
379810,KODEX 미국나스닥100,기타
449190,KODEX 미국나스닥100(H),기타
494300,KODEX 미국나스닥100데일리커버드콜OTM,기타
409820,KODEX 미국나스닥100레버리지(합성 H),기타
304940,KODEX 미국나스닥100선물(H),기타
409810,KODEX 미국나스닥100선물인버스(H),기타
411420,KODEX 미국나스닥AI테크액티브,기타
455030,KODEX 미국달러SOFR금리액티브(합성),기타
261240,KODEX 미국달러선물,기타
261250,KODEX 미국달러선물레버리지,기타
261270,KODEX 미국달러선물인버스,기타
261260,KODEX 미국달러선물인버스2X,기타
280930,KODEX 미국러셀2000(H),기타
390390,KODEX 미국반도체,기타
489250,KODEX 미국배당다우존스,기타
483290,KODEX 미국배당다우존스타겟커버드콜,기타
441640,KODEX 미국배당커버드콜액티브,기타
352560,KODEX 미국부동산리츠(H),기타
314250,KODEX 미국빅테크10(H),기타
473460,KODEX 미국서학개미,기타
390400,KODEX 미국스마트모빌리티S&P,기타
437080,KODEX 미국종합채권ESG액티브(H),기타
419420,KODEX 미국클린에너지나스닥,기타
491090,KODEX 미국테크TOP3플러스,기타
244580,KODEX 바이오,기타
091160,KODEX 반도체,기타
494310,KODEX 반도체레버리지,기타
325020,KODEX 배당가치,기타
244670,KODEX 밸류Plus,기타
140700,KODEX 보험,기타
102780,KODEX 삼성그룹,기타
213610,KODEX 삼성그룹밸류,기타
448330,KODEX 삼성전자채권혼합,기타
325010,KODEX 성장주,기타
385510,KODEX 신재생에너지액티브,기타
446690,KODEX 아시아AI반도체exChina액티브,기타
437070,KODEX 아시아달러채권ESG플러스액티브,기타
117460,KODEX 에너지화학,기타
275300,KODEX 우량주,기타
140710,KODEX 운송,기타
395150,KODEX 웹툰&드라마,기타
456250,KODEX 유럽명품TOP10 STOXX,기타
400570,KODEX 유럽탄소배출권선물ICE(H),기타
144600,KODEX 은선물(H),기타
091170,KODEX 은행,기타
453810,KODEX 인도Nifty50,기타
453820,KODEX 인도Nifty50레버리지(합성),기타
477730,KODEX 인도타타그룹,기타
114800,KODEX 인버스,기타
101280,KODEX 일본TOPIX100,기타
352540,KODEX 일본부동산리츠(H),기타
091180,KODEX 자동차,기타
385520,KODEX 자율주행액티브,기타
363570,KODEX 장기종합채권(AA-이상)액티브,기타
273130,KODEX 종합채권(AA-이상)액티브,기타
102970,KODEX 증권,기타
419430,KODEX 차이나2차전지MSCI(합성),기타
169950,KODEX 차이나A50,기타
428510,KODEX 차이나AI테크액티브,기타
283580,KODEX 차이나CSI300,기타
099140,KODEX 차이나H,기타
204450,KODEX 차이나H레버리지(H),기타
415340,KODEX 차이나과창판STAR50(합성),기타
256750,KODEX 차이나심천ChiNext(합성),기타
372330,KODEX 차이나항셍테크,기타
117680,KODEX 철강,기타
279540,KODEX 최소변동성,기타
445150,KODEX 친환경조선해운액티브,기타
211900,KODEX 코리아배당성장,기타
237370,KODEX 코리아배당성장채권혼합,기타
495850,KODEX 코리아밸류업,기타
373490,KODEX 코리아혁신성장액티브,기타
229200,KODEX 코스닥150,기타
233740,KODEX 코스닥150레버리지,기타
360150,KODEX 코스닥150롱코스피200숏선물,기타
251340,KODEX 코스닥150선물인버스,기타
461450,KODEX 코스닥글로벌,기타
226490,KODEX 코스피,기타
237350,KODEX 코스피100,기타
359210,KODEX 코스피TR,기타
337140,KODEX 코스피대형주,기타
138920,KODEX 콩선물(H),기타
244660,KODEX 퀄리티Plus,기타
375770,KODEX 탄소효율그린뉴딜,기타
459560,KODEX 테슬라밸류체인FactSet,기타
475080,KODEX 테슬라커버드콜채권혼합액티브,기타
266410,KODEX 필수소비재,기타
298770,KODEX 한국대만IT프리미어,기타
476800,KODEX 한국부동산리츠인프라,기타
450190,KODEX 한중반도체(합성),기타
450180,KODEX 한중전기차(합성),기타
266420,KODEX 헬스케어,기타
364690,KODEX 혁신기술테마액티브,기타
487130,KoAct AI인프라액티브,기타
471040,KoAct 글로벌AI&로봇액티브,기타
475070,KoAct 글로벌친환경전력인프라액티브,기타
497780,KoAct 미국천연가스인프라액티브,기타
490330,KoAct 미국치매&뇌질환치료제액티브,기타
462900,KoAct 바이오헬스케어액티브,기타
482030,KoAct 반도체&2차전지핵심소재액티브,기타
476850,KoAct 배당성장액티브,기타
495230,KoAct 코리아밸류업액티브,기타
488290,MIDAS 일본테크액티브,기타
438740,MIDAS 중소형액티브,기타
403790,MIDAS 코스피액티브,기타
550082,N2 KIS CD금리투자 ETN,기타
550069,N2 레버리지 구리 선물 ETN(H),기타
550095,N2 레버리지 국채10년 ETN,기타
550096,N2 레버리지 국채30년 ETN,기타
550062,N2 레버리지 금 선물 ETN(H),기타
550064,N2 레버리지 은 선물 ETN(H),기타
550099,N2 레버리지 천연가스 선물 ETN,기타
550097,N2 레버리지 코스닥150 선물 ETN,기타
550041,N2 미국 IT TOP5 ETN(H),기타
550091,N2 방위산업 Top5 ETN,기타
550087,N2 선진국 1등주 ETN,기타
550092,N2 월간 레버리지 방위산업 Top5 ETN,기타
550088,N2 월간 레버리지 선진국 1등주 ETN,기타
550089,N2 월간 레버리지 코스피 200 선물 ETN,기타
550100,N2 인버스 2X 천연가스 선물 ETN,기타
550098,N2 인버스 2X 코스닥150 선물 ETN,기타
550043,N2 인버스 레버리지 WTI원유 선물 ETN(H),기타
550070,N2 인버스 레버리지 구리 선물 ETN(H),기타
550063,N2 인버스 레버리지 금 선물 ETN(H),기타
550093,N2 전력인프라 Top5 ETN,기타
550085,N2 코스닥 150 TR ETN,기타
550084,N2 코스피 200 TR ETN,기타
152100,PLUS 200,기타
491220,PLUS 200TR,기타
253150,PLUS 200선물레버리지,기타
253160,PLUS 200선물인버스2X,기타
395750,PLUS ESG가치주액티브,기타
395760,PLUS ESG성장주액티브,기타
453010,PLUS KOFR금리,기타
429740,PLUS K리츠,기타
449450,PLUS K방산,기타
269530,PLUS S&P글로벌인프라,기타
433880,PLUS TDF2060액티브 적격,기타
251590,PLUS 고배당저변동50,기타
161510,PLUS 고배당주,기타
489030,PLUS 고배당주위클리커버드콜,기타
251600,PLUS 고배당주채권혼합,기타
461460,PLUS 국고채10년액티브,기타
451600,PLUS 국고채30년액티브,기타
491230,PLUS 국공채머니마켓액티브,기타
289670,PLUS 국채선물10년,기타
298340,PLUS 국채선물3년,기타
489010,PLUS 글로벌AI인프라,기타
442580,PLUS 글로벌HBM반도체,기타
189400,PLUS 글로벌MSCI(합성 H),기타
496770,PLUS 글로벌방산,기타
419650,PLUS 글로벌수소&차세대연료전지,기타
415920,PLUS 글로벌희토류&전략자원생산기업,기타
278620,PLUS 단기채권액티브,기타
477050,PLUS 머니마켓액티브,기타
429760,PLUS 미국S&P500,기타
269540,PLUS 미국S&P500(H),기타
494410,PLUS 미국S&P500성장주,기타
287180,PLUS 미국나스닥테크,기타
213630,PLUS 미국다우존스고배당주(합성 H),기타
332610,PLUS 미국단기회사채(AAA~A),기타
456200,PLUS 미국달러SOFR금리액티브(합성),기타
494420,PLUS 미국배당증가성장주데일리커버드콜,기타
332620,PLUS 미국장기우량회사채,기타
464470,PLUS 미국채30년액티브,기타
461900,PLUS 미국테크TOP10,기타
461910,PLUS 미국테크TOP10레버리지(합성),기타
195970,PLUS 선진국MSCI(합성 H),기타
238670,PLUS 스마트베타Quality채권혼합,기타
195980,PLUS 신흥국MSCI(합성 H),기타
256450,PLUS 심천차이넥스트(합성),기타
447660,PLUS 애플채권혼합,기타
239660,PLUS 우량회사채50,기타
421320,PLUS 우주항공,기타
464920,PLUS 일본반도체소부장,기타
489000,PLUS 일본엔화초단기국채(합성),기타
451000,PLUS 종합채권(AA-이상)액티브,기타
280920,PLUS 주도업종,기타
266550,PLUS 중형주저변동50,기타
495040,PLUS 코리아밸류업,기타
301400,PLUS 코스닥150,기타
301410,PLUS 코스닥150선물인버스,기타
227830,PLUS 코스피,기타
122090,PLUS 코스피50,기타
328370,PLUS 코스피TR,기타
457990,PLUS 태양광&ESS,기타
148020,RISE 200,기타
361580,RISE 200TR,기타
290080,RISE 200고배당커버드콜ATM,기타
284980,RISE 200금융,기타
252400,RISE 200선물레버리지,기타
252410,RISE 200선물인버스,기타
252420,RISE 200선물인버스2X,기타
475720,RISE 200위클리커버드콜,기타
183700,RISE 200채권혼합50,기타
465330,RISE 2차전지TOP10,기타
465350,RISE 2차전지TOP10인버스(합성),기타
422420,RISE 2차전지액티브,기타
105780,RISE 5대그룹주,기타
469070,RISE AI&로봇,기타
427120,RISE AI플랫폼,기타
477080,RISE CD금리액티브(합성),기타
290130,RISE ESG사회책임투자,기타
326240,RISE IT플러스,기타
385560,RISE KIS국고채30년Enhanced,기타
479520,RISE KOFR금리액티브(합성),기타
270800,RISE KQ고배당,기타
292050,RISE KRX300,기타
388280,RISE K엔터&여행레저,기타
442550,RISE TDF2030액티브 적격,기타
442560,RISE TDF2040액티브 적격,기타
442570,RISE TDF2050액티브 적격,기타
234310,RISE V&S셀렉트밸류,기타
241390,RISE V&S셀렉트밸류채권혼합,기타
300640,RISE 게임테마,기타
266160,RISE 고배당,기타
481430,RISE 국고채10년액티브,기타
114100,RISE 국고채3년,기타
282000,RISE 국고채3년선물인버스,기타
451670,RISE 국채30년레버리지(합성),기타
295000,RISE 국채선물10년,기타
295020,RISE 국채선물10년인버스,기타
432600,RISE 국채선물3년,기타
397420,RISE 국채선물5년추종,기타
437370,RISE 글로벌농업경제,기타
375270,RISE 글로벌데이터센터리츠(합성),기타
475380,RISE 글로벌리얼티인컴,기타
476310,RISE 글로벌비만산업TOP2+,기타
417450,RISE 글로벌수소경제,기타
442320,RISE 글로벌원자력,기타
461490,RISE 글로벌자산배분액티브,기타
459750,RISE 글로벌주식분산액티브,기타
399580,RISE 글로벌클린에너지,기타
276650,RISE 글로벌테크놀로지(합성 H),기타
336160,RISE 금융채액티브,기타
326230,RISE 내수주플러스,기타
367760,RISE 네트워크인프라,기타
272560,RISE 단기국공채액티브,기타
385550,RISE 단기채권알파액티브,기타
196230,RISE 단기통안채,기타
315960,RISE 대형고배당10TR,기타
455890,RISE 머니마켓액티브,기타
401170,RISE 메타버스,기타
481340,RISE 미국30년국채액티브,기타
472870,RISE 미국30년국채엔화노출(합성 H),기타
472830,RISE 미국30년국채커버드콜(합성),기타
485690,RISE 미국AI밸류체인TOP3Plus,기타
490590,RISE 미국AI밸류체인데일리고정커버드콜,기타
495940,RISE 미국AI테크액티브,기타
379780,RISE 미국S&P500,기타
453330,RISE 미국S&P500(H),기타
460660,RISE 미국S&P배당킹,기타
219390,RISE 미국S&P원유생산기업(합성 H),기타
354240,RISE 미국고정배당우선증권,기타
368590,RISE 미국나스닥100,기타
437350,RISE 미국단기투자등급회사채액티브,기타
455960,RISE 미국달러SOFR금리액티브(합성),기타
469530,RISE 미국달러선물인버스,기타
469060,RISE 미국반도체NYSE,기타
469050,RISE 미국반도체NYSE(H),기타
491630,RISE 미국반도체인버스(합성 H),기타
490600,RISE 미국배당100데일리고정커버드콜,기타
267440,RISE 미국장기국채선물(H),기타
267490,RISE 미국장기국채선물레버리지(합성 H),기타
267450,RISE 미국장기국채선물인버스(H),기타
491620,RISE 미국테크100데일리고정커버드콜,기타
446700,RISE 배터리 리사이클링,기타
475350,RISE 버크셔포트폴리오TOP10,기타
388420,RISE 비메모리반도체액티브,기타
448630,RISE 삼성그룹Top3채권혼합,기타
367770,RISE 수소경제테마,기타
140570,RISE 수출주,기타
140580,RISE 우량업종대표주,기타
379790,RISE 유로스탁스50(H),기타
498610,RISE 인도디지털성장,기타
488480,RISE 일본섹터TOP4Plus,기타
385540,RISE 종합채권(A-이상)액티브,기타
183710,RISE 주식혼합,기타
310080,RISE 중국MSCI China(H),기타
463300,RISE 중국본토CSI300,기타
174360,RISE 중국본토대형주CSI100,기타
136340,RISE 중기우량회사채,기타
281990,RISE 중소형고배당,기타
272570,RISE 중장기국공채액티브,기타
250730,RISE 차이나HSCEI(H),기타
291680,RISE 차이나H선물인버스(H),기타
371150,RISE 차이나항셍테크,기타
498860,RISE 코리아금융고배당,기타
495050,RISE 코리아밸류업,기타
270810,RISE 코스닥150,기타
278240,RISE 코스닥150선물레버리지,기타
275750,RISE 코스닥150선물인버스,기타
302450,RISE 코스피,기타
449580,RISE 테슬라애플아마존채권혼합,기타
334690,RISE 팔라듐선물(H),기타
334700,RISE 팔라듐선물인버스(H),기타
253280,RISE 헬스케어,기타
253290,RISE 헬스케어채권혼합,기타
411540,SOL 200 Top10,기타
295040,SOL 200TR,기타
488980,SOL 26-12 회사채(AA-이상)액티브,기타
455860,SOL 2차전지소부장Fn,기타
455850,SOL AI반도체소부장,기타
497880,SOL CD금리&머니마켓액티브,기타
363510,SOL KIS단기통안채,기타
292500,SOL KRX300,기타
404650,SOL KRX기후변화솔루션,기타
490480,SOL K방산,기타
438570,SOL 국고채10년,기타
474390,SOL 국고채30년액티브,기타
438560,SOL 국고채3년,기타
423170,SOL 글로벌AI반도체탑픽액티브,기타
400590,SOL 글로벌탄소배출권선물ICE(합성),기타
484880,SOL 금융지주플러스고배당,기타
484890,SOL 머니마켓액티브,기타
461600,SOL 미국30년국채액티브(H),기타
473330,SOL 미국30년국채커버드콜(합성),기타
494210,SOL 미국500타겟데일리커버드콜액티브,기타
479620,SOL 미국AI반도체칩메이커,기타
481180,SOL 미국AI소프트웨어,기타
486450,SOL 미국AI전력인프라,기타
433330,SOL 미국S&P500,기타
399110,SOL 미국S&P500ESG,기타
499150,SOL 미국S&P500엔화노출(H),기타
447620,SOL 미국TOP5채권혼합50,기타
476030,SOL 미국나스닥100,기타
446720,SOL 미국배당다우존스,기타
452360,SOL 미국배당다우존스(H),기타
493420,SOL 미국배당다우존스2호,기타
490490,SOL 미국배당미국채혼합50,기타
481190,SOL 미국테크TOP10,기타
475300,SOL 반도체전공정,기타
475310,SOL 반도체후공정,기타
400580,SOL 유럽탄소배출권선물S&P(H),기타
464610,SOL 의료기기소부장Fn,기타
466930,SOL 자동차TOP3플러스,기타
464600,SOL 자동차소부장Fn,기타
466920,SOL 조선TOP3플러스,기타
436140,SOL 종합채권(AA-이상)액티브,기타
220130,SOL 차이나강소기업CSI500(합성 H),기타
415760,SOL 차이나육성산업액티브(합성),기타
413220,SOL 차이나태양광CSI(합성),기타
469830,SOL 초단기채권액티브,기타
444200,SOL 코리아메가테크액티브,기타
495550,SOL 코리아밸류업TR,기타
450910,SOL 코스닥150,기타
429980,SOL 한국형글로벌전기차&2차전지액티브,기타
102110,TIGER 200,기타
139260,TIGER 200 IT,기타
139220,TIGER 200 건설,기타
139290,TIGER 200 경기소비재,기타
139270,TIGER 200 금융,기타
227550,TIGER 200 산업재,기타
227560,TIGER 200 생활소비재,기타
139250,TIGER 200 에너지화학,기타
139230,TIGER 200 중공업,기타
139240,TIGER 200 철강소재,기타
227540,TIGER 200 헬스케어,기타
243880,TIGER 200IT레버리지,기타
310960,TIGER 200TR,기타
252000,TIGER 200동일가중,기타
267770,TIGER 200선물레버리지,기타
252710,TIGER 200선물인버스2X,기타
243890,TIGER 200에너지화학레버리지,기타
315270,TIGER 200커뮤니케이션서비스,기타
289480,TIGER 200커버드콜,기타
166400,TIGER 200커버드콜OTM,기타
480260,TIGER 27-04회사채(A+이상)액티브,기타
364980,TIGER 2차전지TOP10,기타
412570,TIGER 2차전지TOP10레버리지,기타
462010,TIGER 2차전지소재Fn,기타
305540,TIGER 2차전지테마,기타
471760,TIGER AI반도체핵심공정,기타
365040,TIGER AI코리아그로스액티브,기타
364960,TIGER BBIG,기타
412560,TIGER BBIG레버리지,기타
475630,TIGER CD1년금리액티브(합성),기타
357870,TIGER CD금리투자KIS(합성),기타
499660,TIGER CD금리플러스액티브(합성),기타
400970,TIGER Fn메타버스,기타
377990,TIGER Fn신재생에너지,기타
417630,TIGER KEDI혁신기업ESG30,기타
449170,TIGER KOFR금리액티브(합성),기타
292160,TIGER KRX300,기타
404540,TIGER KRX기후변화솔루션,기타
228820,TIGER KTOP30,기타
300610,TIGER K게임,기타
463250,TIGER K방산&우주,기타
138530,TIGER LG그룹플러스,기타
445910,TIGER MKF배당귀족,기타
289260,TIGER MSCI KOREA ESG리더스,기타
289250,TIGER MSCI KOREA ESG유니버설,기타
310970,TIGER MSCI Korea TR,기타
269370,TIGER S&P글로벌인프라(합성),기타
248270,TIGER S&P글로벌헬스케어(합성),기타
453950,TIGER TSMC파운드리밸류체인,기타
364990,TIGER 게임TOP10,기타
139280,TIGER 경기방어,기타
237440,TIGER 경기방어채권혼합,기타
319640,TIGER 골드선물(H),기타
160580,TIGER 구리실물,기타
451530,TIGER 국고채30년스트립액티브,기타
114820,TIGER 국채3년,기타
275980,TIGER 글로벌4차산업혁신기술(합성 H),기타
464310,TIGER 글로벌AI&로보틱스 INDXX,기타
418670,TIGER 글로벌AI사이버보안,기타
466950,TIGER 글로벌AI액티브,기타
491010,TIGER 글로벌AI전력인프라액티브,기타
412770,TIGER 글로벌AI플랫폼액티브,기타
394670,TIGER 글로벌리튬&2차전지SOLACTIVE(합성),기타
440340,TIGER 글로벌멀티에셋TIF액티브,기타
476690,TIGER 글로벌비만치료제TOP2Plus,기타
480310,TIGER 글로벌온디바이스AI,기타
387270,TIGER 글로벌이노베이션액티브,기타
276000,TIGER 글로벌자원생산기업(합성 H),기타
394660,TIGER 글로벌자율주행&전기차SOLACTIVE,기타
371450,TIGER 글로벌클라우드컴퓨팅INDXX,기타
464930,TIGER 글로벌혁신블루칩TOP10,기타
139320,TIGER 금은선물(H),기타
137610,TIGER 농산물선물Enhanced(H),기타
182490,TIGER 단기선진하이일드(합성 H),기타
272580,TIGER 단기채권액티브,기타
157450,TIGER 단기통안채,기타
105010,TIGER 라틴35,기타
123320,TIGER 레버리지,기타
174350,TIGER 로우볼,기타
329200,TIGER 리츠부동산인프라,기타
341850,TIGER 리츠부동산인프라채권,기타
147970,TIGER 모멘텀,기타
458250,TIGER 미국30년국채스트립액티브(합성 H),기타
476550,TIGER 미국30년국채커버드콜액티브(H),기타
491830,TIGER 미국AI반도체팹리스,기타
490090,TIGER 미국AI빅테크10,기타
493810,TIGER 미국AI빅테크10타겟데일리커버드콜,기타
182480,TIGER 미국MSCI리츠(합성 H),기타
360750,TIGER 미국S&P500,기타
448290,TIGER 미국S&P500(H),기타
488500,TIGER 미국S&P500동일가중,기타
225040,TIGER 미국S&P500레버리지(합성 H),기타
429000,TIGER 미국S&P500배당귀족,기타
143850,TIGER 미국S&P500선물(H),기타
225030,TIGER 미국S&P500선물인버스(H),기타
482730,TIGER 미국S&P500타겟데일리커버드콜,기타
133690,TIGER 미국나스닥100,기타
448300,TIGER 미국나스닥100(H),기타
483240,TIGER 미국나스닥100ETF선물,기타
418660,TIGER 미국나스닥100레버리지(합성),기타
435420,TIGER 미국나스닥100채권혼합50,기타
441680,TIGER 미국나스닥100커버드콜(합성),기타
486290,TIGER 미국나스닥100타겟데일리커버드콜,기타
429010,TIGER 미국나스닥넥스트100,기타
203780,TIGER 미국나스닥바이오,기타
245340,TIGER 미국다우존스30,기타
456610,TIGER 미국달러SOFR금리액티브(합성),기타
329750,TIGER 미국달러단기채권액티브,기타
261110,TIGER 미국달러선물레버리지,기타
261120,TIGER 미국달러선물인버스2X,기타
494840,TIGER 미국방산TOP10,기타
458730,TIGER 미국배당다우존스,기타
458750,TIGER 미국배당다우존스타겟커버드콜1호,기타
458760,TIGER 미국배당다우존스타겟커버드콜2호,기타
305080,TIGER 미국채10년선물,기타
465670,TIGER 미국캐시카우100,기타
381170,TIGER 미국테크TOP10 INDXX,기타
472160,TIGER 미국테크TOP10 INDXX(H),기타
472170,TIGER 미국테크TOP10채권혼합,기타
474220,TIGER 미국테크TOP10타겟커버드콜,기타
458260,TIGER 미국투자등급회사채액티브(H),기타
497570,TIGER 미국필라델피아AI반도체나스닥,기타
381180,TIGER 미국필라델피아반도체나스닥,기타
423920,TIGER 미국필라델피아반도체레버리지(합성),기타
228810,TIGER 미디어컨텐츠,기타
364970,TIGER 바이오TOP10,기타
091230,TIGER 반도체,기타
396500,TIGER 반도체TOP10,기타
488080,TIGER 반도체TOP10레버리지,기타
211560,TIGER 배당성장,기타
472150,TIGER 배당커버드콜액티브,기타
138520,TIGER 삼성그룹,기타
157490,TIGER 소프트웨어,기타
228800,TIGER 여행레저,기타
227570,TIGER 우량가치,기타
438330,TIGER 우량회사채액티브,기타
261140,TIGER 우선주,기타
130680,TIGER 원유선물Enhanced(H),기타
217770,TIGER 원유선물인버스(H),기타
195930,TIGER 유로스탁스50(합성 H),기타
225050,TIGER 유로스탁스레버리지(합성 H),기타
245350,TIGER 유로스탁스배당30,기타
091220,TIGER 은행,기타
466940,TIGER 은행고배당플러스TOP10,기타
307510,TIGER 의료기기,기타
225060,TIGER 이머징마켓MSCI레버리지(합성 H),기타
453870,TIGER 인도니프티50,기타
236350,TIGER 인도니프티50레버리지(합성),기타
479730,TIGER 인도빌리언컨슈머,기타
123310,TIGER 인버스,기타
365000,TIGER 인터넷TOP10,기타
195920,TIGER 일본TOPIX(합성 H),기타
241180,TIGER 일본니케이225,기타
465660,TIGER 일본반도체FACTSET,기타
292560,TIGER 일본엔선물,기타
494670,TIGER 조선TOP10,기타
451540,TIGER 종합채권(AA-이상)액티브,기타
150460,TIGER 중국소비테마,기타
302190,TIGER 중장기국채,기타
157500,TIGER 증권,기타
307520,TIGER 지주회사,기타
192090,TIGER 차이나CSI300,기타
204480,TIGER 차이나CSI300레버리지(합성),기타
217780,TIGER 차이나CSI300인버스(합성),기타
245360,TIGER 차이나HSCEI,기타
414780,TIGER 차이나과창판STAR50(합성),기타
371470,TIGER 차이나바이오테크SOLACTIVE,기타
396520,TIGER 차이나반도체FACTSET,기타
371460,TIGER 차이나전기차SOLACTIVE,기타
456680,TIGER 차이나전기차레버리지(합성),기타
396510,TIGER 차이나클린에너지SOLACTIVE,기타
117690,TIGER 차이나항셍30,기타
371160,TIGER 차이나항셍테크,기타
438320,TIGER 차이나항셍테크레버리지(합성 H),기타
292150,TIGER 코리아TOP10,기타
496080,TIGER 코리아밸류업,기타
471780,TIGER 코리아테크액티브,기타
232080,TIGER 코스닥150,기타
233160,TIGER 코스닥150 레버리지,기타
261060,TIGER 코스닥150IT,기타
261070,TIGER 코스닥150바이오테크,기타
250780,TIGER 코스닥150선물인버스,기타
461580,TIGER 코스닥글로벌,기타
277630,TIGER 코스피,기타
210780,TIGER 코스피고배당,기타
277640,TIGER 코스피대형주,기타
277650,TIGER 코스피중형주,기타
376410,TIGER 탄소효율그린뉴딜,기타
447770,TIGER 테슬라채권혼합Fn,기타
387280,TIGER 퓨처모빌리티액티브,기타
449690,TIGER 한중반도체(합성),기타
449680,TIGER 한중전기차(합성),기타
143860,TIGER 헬스케어,기타
138540,TIGER 현대차그룹플러스,기타
228790,TIGER 화장품,기타
441800,TIME Korea플러스배당액티브,기타
463050,TIME K바이오액티브,기타
404120,TIME K신재생에너지액티브,기타
385710,TIME K이노베이션액티브,기타
410870,TIME K컬처액티브,기타
456600,TIME 글로벌AI인공지능액티브,기타
485810,TIME 글로벌바이오액티브,기타
494180,TIME 글로벌소비트렌드액티브,기타
478150,TIME 글로벌우주테크&방산액티브,기타
426020,TIME 미국S&P500액티브,기타
426030,TIME 미국나스닥100액티브,기타
495060,TIME 코리아밸류업액티브,기타
385720,TIME 코스피액티브,기타
108590,TREX 200,기타
145850,TREX 펀더멘탈 200,기타
472720,TRUSTON 주주가치액티브,기타
496130,TRUSTON 코리아밸류업액티브,기타
433250,UNICORN R&D 액티브,기타
494220,UNICORN SK하이닉스밸류체인액티브,기타
470310,UNICORN 생성형AI강소기업액티브,기타
476000,UNICORN 포스트IPO액티브,기타
422260,VITA MZ소비액티브,기타
448100,WON 200,기타
413930,WON AI ESG액티브,기타
458030,WON 국공채머니마켓액티브,기타
426150,WON 대한민국국고채액티브,기타
444490,WON 미국S&P500,기타
489290,WON 미국빌리어네어,기타
440910,WON 미국우주항공방산,기타
474590,WON 반도체밸류체인액티브,기타
496020,WON 전단채플러스액티브,기타
488720,WON 종합채권(AA-이상)액티브,기타
480460,WON 한국부동산TOP3플러스,기타
510044,대신 레버리지 미국달러 선물 ETN,기타
510045,대신 인버스 2X 미국달러 선물 ETN,기타
510027,대신 인버스 2X 코스닥 150 선물 ETN,기타
510043,대신 인버스 천연가스 선물 ETN(H) B,기타
465780,마이티 26-09 특수채(AAA)액티브,기타
442260,마이티 다이나믹퀀트액티브,기타
159800,마이티 코스피100,기타
610059,메리츠 3X 레버리지 국채10년 ETN,기타
610061,메리츠 3X 레버리지 국채30년 ETN,기타
610055,메리츠 3X 레버리지 국채3년 ETN,기타
610057,메리츠 3X 레버리지 국채5년 ETN,기타
610075,메리츠 3X 레버리지 미국채10년 ETN,기타
610078,메리츠 3X 레버리지 미국채30년 ETN,기타
610091,메리츠 3X 레버리지 일본 국채 10년 ETN,기타
610069,메리츠 KAP 레버리지 일본 엔화 ETN,기타
610072,메리츠 KAP 레버리지 중국 위안화 ETN,기타
610070,메리츠 KAP 인버스 2X 일본 엔화 ETN,기타
610073,메리츠 KAP 인버스 2X 중국 위안화 ETN,기타
610068,메리츠 KAP 일본 엔화 ETN,기타
610071,메리츠 KAP 중국 위안화 ETN,기타
610066,메리츠 KAP 통안채 3개월 ETN,기타
610064,메리츠 KAP 통안채 6개월 ETN,기타
610063,메리츠 KIS CD금리투자 ETN,기타
610030,메리츠 S&P 유럽탄소배출권 선물 ETN(H),기타
610087,메리츠 WTI원유 선물 ETN(H),기타
610018,메리츠 국채10년 ETN,기타
610007,메리츠 국채30년 ETN,기타
610045,메리츠 국채3년 ETN,기타
610049,메리츠 국채5년 ETN,기타
610034,메리츠 대표 농산물 선물 ETN(H),기타
610088,메리츠 레버리지 WTI원유 선물 ETN(H),기타
610028,메리츠 레버리지 구리 선물 ETN(H),기타
610008,메리츠 레버리지 국채30년 ETN,기타
610012,메리츠 레버리지 금 선물 ETN(H),기타
610035,메리츠 레버리지 대표 농산물 선물 ETN(H),기타
610081,메리츠 레버리지 멕시코 페소화 ETN,기타
610023,메리츠 레버리지 미국채10년 ETN(H),기타
610038,메리츠 레버리지 미국채30년 ETN(H),기타
610085,메리츠 레버리지 미국채30년 스트립 ETN(H),기타
610100,메리츠 레버리지 은 선물 ETN(H),기타
610083,메리츠 레버리지 인도 루피화 ETN,기타
610095,메리츠 레버리지 천연가스 선물 ETN(H),기타
610080,메리츠 멕시코 페소화 ETN,기타
610003,메리츠 미국 인플레이션 국채 ETN(H),기타
610074,메리츠 미국채10년 ETN,기타
610022,메리츠 미국채10년 ETN(H),기타
610077,메리츠 미국채30년 ETN,기타
610037,메리츠 미국채30년 ETN(H),기타
610084,메리츠 미국채30년 스트립 ETN(H),기타
610098,메리츠 미국채30년 풋라이트 ETN(H),기타
610097,메리츠 미국채30년스트립 커버드콜 ETN(H),기타
610099,메리츠 은 선물 ETN(H),기타
610082,메리츠 인도 루피화 ETN,기타
610089,메리츠 인버스 2X WTI원유 선물 ETN(H),기타
610029,메리츠 인버스 2X 구리 선물 ETN(H),기타
610013,메리츠 인버스 2X 금 선물 ETN(H),기타
610036,메리츠 인버스 2X 대표 농산물 선물 ETN(H),기타
610025,메리츠 인버스 2X 미국채10년 ETN(H),기타
610040,메리츠 인버스 2X 미국채30년 ETN(H),기타
610101,메리츠 인버스 2X 은 선물 ETN(H),기타
610096,메리츠 인버스 2X 천연가스 선물 ETN(H),기타
610060,메리츠 인버스 3X 국채10년 ETN,기타
610062,메리츠 인버스 3X 국채30년 ETN,기타
610056,메리츠 인버스 3X 국채3년 ETN,기타
610058,메리츠 인버스 3X 국채5년 ETN,기타
610076,메리츠 인버스 3X 미국채10년 ETN,기타
610079,메리츠 인버스 3X 미국채30년 ETN,기타
610093,메리츠 인버스 3X 일본 국채 10년 ETN,기타
610020,메리츠 인버스 국채10년 ETN,기타
610009,메리츠 인버스 국채30년 ETN,기타
610047,메리츠 인버스 국채3년 ETN,기타
610051,메리츠 인버스 국채5년 ETN,기타
610024,메리츠 인버스 미국채10년 ETN(H),기타
610039,메리츠 인버스 미국채30년 ETN(H),기타
610092,메리츠 인버스 일본 국채 10년 ETN,기타
610086,메리츠 인버스2X 미국채30년 스트립 ETN(H),기타
610001,메리츠 인플레이션 국채 ETN,기타
610090,메리츠 일본 국채 10년 ETN,기타
610094,메리츠 천연가스 선물 ETN(H),기타
520077,미래에셋 -1.5X 천연가스 선물 ETN,기타
520085,미래에셋 -2X 미국 AI TOP3 ETN,기타
520084,미래에셋 -2X 미국 자율주행대표기업 ETN,기타
520065,미래에셋 -2X 미국채울트라30년 선물 ETN,기타
520069,미래에셋 -2X 홍콩H 선물 ETN(H),기타
520097,미래에셋 1.5X S&P500 VIX S/T선물 ETN,기타
520076,미래에셋 1.5X 천연가스 선물 ETN,기타
520083,미래에셋 2X 미국 자율주행대표기업 ETN,기타
520081,미래에셋 2X 미국 테크&반도체 TOP3 ETN,기타
520064,미래에셋 2X 미국채울트라30년 선물 ETN,기타
520068,미래에셋 2X 홍콩H 선물 ETN,기타
520089,미래에셋 CAPE 실러 US Core Sector ETN,기타
520094,미래에셋 CD금리 플러스 ETN,기타
520066,미래에셋 KRX금현물 Auto-KO-C 2810-01 ETN,기타
520088,미래에셋 S&P500 VIX S/T 선물 ETN(H),기타
520087,미래에셋 레버리지 KRX 금현물 ETN,기타
520101,미래에셋 레버리지 SK하이닉스 단일종목ETN,기타
520073,미래에셋 레버리지 미국 AI TOP3 ETN,기타
520075,미래에셋 레버리지 미국 방위산업 TOP3 ETN,기타
520079,미래에셋 레버리지 미국 제약 TOP3 ETN,기타
520098,미래에셋 레버리지 반도체 ETN,기타
520100,미래에셋 레버리지 삼성전자 단일종목 ETN,기타
520046,미래에셋 레버리지 옥수수 선물 ETN,기타
520092,미래에셋 레버리지 은 선물 ETN B,기타
520056,미래에셋 레버리지 코스닥150 선물 ETN,기타
520054,미래에셋 레버리지 코스피200 선물 ETN,기타
520072,미래에셋 미국 AI TOP3 ETN,기타
520074,미래에셋 미국 방위산업 TOP3 ETN,기타
520082,미래에셋 미국 자율주행대표기업 ETN,기타
520078,미래에셋 미국 제약 TOP3 ETN,기타
520080,미래에셋 미국 테크&반도체 TOP3 ETN,기타
520099,미래에셋 인버스 2X 반도체 ETN,기타
520047,미래에셋 인버스 2X 옥수수 선물 ETN,기타
520093,미래에셋 인버스 2X 은 선물 ETN B,기타
520057,미래에셋 인버스 2X 코스닥150 선물 ETN,기타
520102,미래에셋 인버스 2X 코스피200 선물 ETN B,기타
520091,미래에셋 인버스 천연가스 선물 ETN B,기타
520040,미래에셋 인버스 코스닥150 선물 ETN,기타
520038,미래에셋 인버스 코스피200 선물 ETN,기타
520090,미래에셋 천연가스 선물 ETN B,기타
520039,미래에셋 코스닥150 선물 ETN,기타
520037,미래에셋 코스피200 선물 ETN,기타
520086,미래에셋-0.5X S&P500 VIX S/T선물 ETN(H)B,기타
530137,삼성 KRX 2차전지 TOP10 TR ETN,기타
530067,삼성 KRX 금현물 ETN,기타
530138,삼성 KRX 레버리지 2차전지 TOP10 TR ETN,기타
530112,삼성 S&P500 TR ETN,기타
530130,삼성 S&P500 VIX S/T 선물 ETN B,기타
530140,삼성 iSelect 레버리지 조선 TOP10 TR ETN,기타
530139,삼성 iSelect 조선 TOP10 TR ETN,기타
530095,삼성 구리 선물 ETN(H),기타
530083,삼성 금 선물 ETN(H),기타
530120,삼성 나스닥 100 TR ETN,기타
530113,삼성 레버리지 S&P500 선물 ETN,기타
530031,삼성 레버리지 WTI원유 선물 ETN,기타
530063,삼성 레버리지 구리 선물 ETN(H),기타
530055,삼성 레버리지 금 선물 ETN(H),기타
530115,삼성 레버리지 나스닥 100 TR ETN,기타
530128,삼성 레버리지 미국다우존스 선물 ETN,기타
530061,삼성 레버리지 은 선물 ETN(H),기타
530124,삼성 레버리지 일본니케이225선물 ETN(H),기타
530145,삼성 레버리지 천연가스 선물 ETN D,기타
530106,삼성 레버리지 코스닥150 선물 ETN,기타
530104,삼성 레버리지 코스피200 선물 ETN,기타
530119,삼성 레버리지 항셍테크 TR ETN(H) B,기타
530127,삼성 미국다우존스 TR ETN,기타
530132,삼성 블룸버그 WTI원유 선물 ETN B,기타
530133,삼성 블룸버그 레버리지 WTI원유선물 ETN B,기타
530134,삼성 블룸버그 인버스2X WTI원유선물 ETN B,기타
530089,삼성 은 선물 ETN(H),기타
530114,삼성 인버스 2X S&P500 선물 ETN,기타
530036,삼성 인버스 2X WTI원유 선물 ETN,기타
530064,삼성 인버스 2X 구리 선물 ETN(H),기타
530056,삼성 인버스 2X 금 선물 ETN(H),기타
530116,삼성 인버스 2X 나스닥 100 TR ETN,기타
530129,삼성 인버스 2X 미국다우존스 선물 ETN,기타
530143,삼성 인버스 2X 은 선물 ETN,기타
530062,삼성 인버스 2X 은 선물 ETN(H),기타
530125,삼성 인버스 2X 일본니케이225선물 ETN(H),기타
530136,삼성 인버스 2X 천연가스 선물 ETN D,기타
530107,삼성 인버스 2X 코스닥150 선물 ETN,기타
530122,삼성 인버스 2X 항셍테크 TR ETN(H) B,기타
530135,삼성 인버스 China A50 선물 ETN(H) B,기타
530096,삼성 인버스 구리 선물 ETN(H),기타
530084,삼성 인버스 금 선물 ETN(H),기타
530090,삼성 인버스 은 선물 ETN(H),기타
530094,삼성 인버스 코스닥 150 선물 ETN,기타
530092,삼성 인버스 코스피 200 선물 ETN,기타
530131,삼성 인버스0.5X S&P500 VIX S/T선물 ETN B,기타
530123,삼성 일본니케이225선물 ETN(H),기타
530142,삼성 중국 AI 테크 TOP5 TR ETN(H),기타
530141,삼성 중국 자동차 TOP5 TR ETN(H),기타
530126,삼성 코리아 밸류업 TR ETN,기타
530118,삼성 코스닥 150 TR ETN,기타
530117,삼성 코스피 200 TR ETN,기타
530060,삼성 코스피 양매도 5% OTM ETN,기타
530121,삼성 항셍테크 TR ETN(H) B,기타
500091,신한 33-12 국고채 플러스 ETN,기타
500095,신한 S&P500 VIX S/T 선물 ETN E,기타
500099,신한 WTI원유 선물 ETN,기타
500100,신한 금 선물 ETN,기타
500067,신한 레버리지 10년 국채선물 ETN,기타
500097,신한 레버리지 Russell 2000 ETN B,기타
500050,신한 레버리지 S&P500 선물 ETN,기타
500040,신한 레버리지 구리 선물 ETN,기타
500037,신한 레버리지 금 선물 ETN,기타
500020,신한 레버리지 다우존스지수 선물 ETN(H),기타
500035,신한 레버리지 미국달러 선물 ETN,기타
500029,신한 레버리지 은 선물 ETN(H),기타
500071,신한 레버리지 코스닥 150 선물 ETN,기타
500069,신한 레버리지 코스피 200 선물 ETN,기타
500102,신한 블룸버그 2X 천연가스 선물 ETN B,기타
500093,신한 블룸버그 레버리지 WTI원유선물 ETN B,기타
500094,신한 블룸버그 인버스2X WTI원유선물 ETN B,기타
500101,신한 블룸버그 천연가스 선물 ETN,기타
500068,신한 인버스 2X 10년 국채선물 ETN,기타
500098,신한 인버스 2X Russell 2000 ETN B,기타
500051,신한 인버스 2X S&P500 선물 ETN,기타
500041,신한 인버스 2X 구리 선물 ETN,기타
500038,신한 인버스 2X 금 선물 ETN,기타
500028,신한 인버스 2X 다우존스지수 선물 ETN(H),기타
500036,신한 인버스 2X 미국달러 선물 ETN,기타
500030,신한 인버스 2X 은 선물 ETN(H),기타
500072,신한 인버스 2X 코스닥 150 선물 ETN,기타
500063,신한 인버스 코스닥 150 선물 ETN,기타
500061,신한 인버스 코스피 200 선물 ETN,기타
500024,신한 인버스 콩 선물 ETN(H),기타
500096,신한 인버스2X 천연가스 선물 ETN B,기타
500086,신한 코스닥 150 TR ETN,기타
500085,신한 코스피 200 TR ETN,기타
500023,신한 콩 선물 ETN(H),기타
462340,에셋플러스 글로벌다이나믹시니어액티브,기타
433220,에셋플러스 글로벌대장장이액티브,기타
451150,에셋플러스 글로벌영에이지액티브,기타
477490,에셋플러스 글로벌일등기업포커스10액티브,기타
407830,에셋플러스 글로벌플랫폼액티브,기타
474920,에셋플러스 차이나일등기업포커스10액티브,기타
442090,에셋플러스 코리아대장장이액티브,기타
407820,에셋플러스 코리아플랫폼액티브,기타
760010,키움 2차전지산업 ETN,기타
760009,키움 CD금리투자 ETN,기타
760005,키움 INDXX 미국테크탑10 ETN,기타
760006,키움 KPOP ETN,기타
760022,키움 K방산 TOP5 ETN,기타
760011,키움 레버리지 2차전지산업 ETN,기타
760023,키움 레버리지 K방산 TOP5 ETN,기타
760020,키움 레버리지 리츠부동산인프라 ETN,기타
760015,키움 레버리지 바이오TOP10 ETN,기타
760013,키움 레버리지 반도체TOP10 ETN,기타
760026,키움 레버리지 전력 TOP5 ETN,기타
760016,키움 레버리지 조선TOP10 ETN,기타
760019,키움 리츠부동산인프라 ETN,기타
760018,키움 미국달러선물 ETN B,기타
760014,키움 바이오TOP10 ETN,기타
760012,키움 반도체TOP10 ETN,기타
760024,키움 인버스 2X K방산 TOP5 ETN,기타
760028,키움 인버스 2X 반도체TOP10 ETN,기타
760027,키움 인버스 2X 전력 TOP5 ETN,기타
760004,키움 인버스 미국달러선물 ETN,기타
760025,키움 전력 TOP5 ETN,기타
760017,키움 조선TOP10 ETN,기타
760008,키움 코스닥 150 TR ETN,기타
760007,키움 코스피 200 TR ETN,기타
760021,키움 코스피200 선물 달러노출 ETN,기타
152870,파워 200,기타
491510,파워 K-주주가치액티브,기타
192720,파워 고배당저변동성,기타
498180,파워 종합채권(AA-이상)액티브,기타
140950,파워 코스피100,기타
700026,하나 CD금리투자 ETN,기타
700033,하나 K방산TOP10 ETN,기타
700029,하나 S&P 레버리지 WTI원유 선물 ETN B,기타
700030,하나 S&P 인버스 2X WTI원유 선물 ETN B,기타
700023,하나 Solactive 2X US Tech Top 10 ETN(H),기타
700022,하나 Solactive US Tech Top 10 ETN(H),기타
700034,하나 레버리지 K방산TOP10 ETN,기타
700028,하나 레버리지 반도체 ETN,기타
700011,하나 레버리지 옥수수 선물 ETN(H),기타
700031,하나 레버리지 천연가스 선물 ETN(H),기타
700017,하나 레버리지 코스닥150 선물 ETN,기타
700013,하나 레버리지 콩 선물 ETN(H),기타
700027,하나 반도체 ETN,기타
700035,하나 인버스 2X K방산TOP10 ETN,기타
700036,하나 인버스 2X 반도체 ETN,기타
700012,하나 인버스 2X 옥수수 선물 ETN(H),기타
700032,하나 인버스 2X 천연가스 선물 ETN(H),기타
700018,하나 인버스 2X 코스닥150 선물 ETN,기타
700014,하나 인버스 2X 콩 선물 ETN(H),기타
570110,한투 3X레버리지국채30년 ETN,기타
570111,한투 3X레버리지미국채30년 ETN,기타
570047,한투 FTSE100 ETN,기타
570090,한투 KIS CD금리투자 ETN,기타
570114,한투 S&P500 VIX S/T선물 ETN(H) B,기타
570050,한투 S&P500선물 ETN,기타
570071,한투 구리선물 ETN,기타
570121,한투 금선물 ETN,기타
570051,한투 나스닥100 ETN,기타
570022,한투 레버리지S&P500선물 ETN(H),기타
570116,한투 레버리지WTI원유선물 ETN B,기타
570072,한투 레버리지구리선물 ETN,기타
570108,한투 레버리지국채30년 ETN,기타
570059,한투 레버리지금선물 ETN,기타
570102,한투 레버리지나스닥100 ETN B,기타
570109,한투 레버리지미국채30년 ETN,기타
570065,한투 레버리지베트남VN30선물 ETN(H),기타
570098,한투 레버리지엔달러선물 ETN(H),기타
570061,한투 레버리지은선물 ETN,기타
570106,한투 레버리지일본니케이225선물 ETN(H),기타
570095,한투 레버리지일본엔선물 ETN C,기타
570120,한투 레버리지천연가스선물 ETN C,기타
570081,한투 레버리지코스닥150선물 ETN,기타
570069,한투 레버리지플래티넘선물 ETN,기타
570063,한투 베트남VN30선물 ETN(H),기타
570097,한투 엔달러선물 ETN(H),기타
570074,한투 유럽탄소배출권선물 ETN(H),기타
570123,한투 은선물 ETN,기타
570085,한투 인도네시아대표원자재 ETN,기타
570115,한투 인버스0.5X S&P500 VIX S/T선물 ETN B,기타
570023,한투 인버스2XS&P500선물 ETN(H),기타
570117,한투 인버스2XWTI원유선물 ETN B,기타
570073,한투 인버스2X구리선물 ETN,기타
570060,한투 인버스2X금선물 ETN,기타
570103,한투 인버스2X나스닥100 ETN B,기타
570066,한투 인버스2X베트남VN30 선물 ETN(H),기타
570099,한투 인버스2X엔달러 선물 ETN(H),기타
570092,한투 인버스2X유로스탁스50 ETN(H) B,기타
570119,한투 인버스2X은선물 ETN,기타
570107,한투 인버스2X일본니케이225선물 ETN(H),기타
570096,한투 인버스2X일본엔선물 ETN,기타
570118,한투 인버스2X천연가스선물 ETN B,기타
570082,한투 인버스2X코스닥150선물 ETN,기타
570070,한투 인버스2X플래티넘선물 ETN,기타
570122,한투 인버스금선물 ETN,기타
570101,한투 인버스나스닥100 ETN B,기타
570064,한투 인버스베트남VN30선물 ETN(H),기타
570091,한투 인버스유로스탁스50 ETN(H) C,기타
570124,한투 인버스은선물 ETN,기타
570105,한투 인버스일본니케이225선물 ETN(H),기타
570104,한투 일본니케이225선물 ETN(H),기타
570094,한투 일본엔선물 ETN C,기타
570100,한투 일본종합상사TOP5 ETN,기타
570029,한투 코스피양매도3%OTM ETN,기타
570019,한투 코스피양매도5%OTM ETN,기타
204620,글로벌텍스프리,기타금융
179720,머니무브,기타금융
021880,메이슨캐피탈,기타금융
038540,상상인,기타금융
007330,푸른저축은행,기타금융
023760,한국캐피탈,기타금융
080010,이상네트웍스,다각화된소비자서비스
030200,KT,다각화된통신서비스
036630,세종텔레콤,다각화된통신서비스
122830,원포유,다각화된통신서비스
033780,KT&G,담배
095570,AJ네트웍스,도로와철도운송
084670,동양고속,도로와철도운송
038390,레드캡투어,도로와철도운송
089860,롯데렌탈,도로와철도운송
403550,쏘카,도로와철도운송
024800,유성티엔에스,도로와철도운송
000650,천일고속,도로와철도운송
265520,AP시스템,디스플레이장비및부품
068790,DMS,디스플레이장비및부품
297890,HB솔루션,디스플레이장비및부품
078150,HB테크놀러지,디스플레이장비및부품
108320,LX세미콘,디스플레이장비및부품
001210,금호전기,디스플레이장비및부품
137080,나래나노텍,디스플레이장비및부품
351320,넥사다이내믹스,디스플레이장비및부품
213420,덕산네오룩스,디스플레이장비및부품
484120,도우인시스,디스플레이장비및부품
088130,동아엘텍,디스플레이장비및부품
187870,디바이스,디스플레이장비및부품
110990,디아이티,디스플레이장비및부품
092590,럭스피아,디스플레이장비및부품
038060,루멘스,디스플레이장비및부품
162120,루켄테크놀러지스,디스플레이장비및부품
095500,미래나노텍,디스플레이장비및부품
049950,미래컴퍼니,디스플레이장비및부품
177350,베셀,디스플레이장비및부품
141000,비아트론,디스플레이장비및부품
092190,서울바이오시스,디스플레이장비및부품
046890,서울반도체,디스플레이장비및부품
171090,선익시스템,디스플레이장비및부품
067770,세진티에스,디스플레이장비및부품
290690,소룩스,디스플레이장비및부품
290520,신도기연,디스플레이장비및부품
056700,신화인터텍,디스플레이장비및부품
115530,씨엔플러스,디스플레이장비및부품
123860,아나패스,디스플레이장비및부품
149950,아바텍,디스플레이장비및부품
040910,아이씨디,디스플레이장비및부품
307180,아이엘,디스플레이장비및부품
059100,아이컴포넌트,디스플레이장비및부품
102950,아하,디스플레이장비및부품
255440,야스,디스플레이장비및부품
475660,에스켐,디스플레이장비및부품
036170,에이치엠넥스,디스플레이장비및부품
207490,에이펙스인텍,디스플레이장비및부품
083500,에프엔에스테크,디스플레이장비및부품
419080,엔젯,디스플레이장비및부품
096870,엘디티,디스플레이장비및부품
311060,엘에이티,디스플레이장비및부품
073110,엘엠에스,디스플레이장비및부품
143540,영우디에스피,디스플레이장비및부품
250930,예선테크,디스플레이장비및부품
052420,오성첨단소재,디스플레이장비및부품
155650,와이엠씨,디스플레이장비및부품
082850,우리바이오,디스플레이장비및부품
037400,우리엔터프라이즈,디스플레이장비및부품
153490,우리이앤엘하루틴,디스플레이장비및부품
036090,위지트,디스플레이장비및부품
069330,유아이디,디스플레이장비및부품
469610,이노테크,디스플레이장비및부품
272290,이녹스첨단소재,디스플레이장비및부품
063760,이엘피,디스플레이장비및부품
083470,이엠앤아이,디스플레이장비및부품
079950,인베니아,디스플레이장비및부품
037330,인지디스플레,디스플레이장비및부품
094970,제이엠티,디스플레이장비및부품
009310,참엔지니어링,디스플레이장비및부품
121850,코이즈,디스플레이장비및부품
051360,토비스,디스플레이장비및부품
108230,톱텍,디스플레이장비및부품
049120,파인디앤씨,디스플레이장비및부품
106240,파인테크닉스,디스플레이장비및부품
131760,파인텍,디스플레이장비및부품
256630,포인트엔지니어링,디스플레이장비및부품
371950,풍원정밀,디스플레이장비및부품
321260,프로이천,디스플레이장비및부품
239890,피엔에이치테크,디스플레이장비및부품
347770,핌스,디스플레이장비및부품
054040,한국컴퓨터,디스플레이장비및부품
457370,한켐,디스플레이장비및부품
238490,힘스,디스플레이장비및부품
034220,LG디스플레이,디스플레이패널
121800,비덴트,디스플레이패널
191410,육일씨엔에쓰,디스플레이패널
020760,일진디스플,디스플레이패널
052330,코텍,디스플레이패널
050120,ES큐브,레저용장비와제품
296520,가이아코퍼레이션,레저용장비와제품
011420,갤럭시아에스엠,레저용장비와제품
121440,골프존홀딩스,레저용장비와제품
206950,볼빅,레저용장비와제품
365900,브이씨,레저용장비와제품
002450,삼익악기,레저용장비와제품
024950,삼천리자전거,레저용장비와제품
066910,손오공,레저용장비와제품
123750,알톤,레저용장비와제품
039830,오로라,레저용장비와제품
088390,이녹스,레저용장비와제품
900270,헝셩그룹,레저용장비와제품
032640,LG유플러스,무선통신서비스
017670,SK텔레콤,무선통신서비스
065530,와이어블,무선통신서비스
006490,인스코비,무선통신서비스
001250,GS글로벌,무역회사와판매업체
001120,LX인터내셔널,무역회사와판매업체
383800,LX홀딩스,무역회사와판매업체
011810,STX,무역회사와판매업체
047050,포스코인터내셔널,무역회사와판매업체
011760,현대코퍼레이션,무역회사와판매업체
005360,모나미,문구류
054620,APS,반도체와반도체장비
000990,DB하이텍,반도체와반도체장비
083450,GST,반도체와반도체장비
024850,HLB이노베이션,반도체와반도체장비
403870,HPSP,반도체와반도체장비
095340,ISC,반도체와반도체장비
092220,KEC,반도체와반도체장비
052900,KX하이텍,반도체와반도체장비
061970,LB세미콘,반도체와반도체장비
222160,NPX,반도체와반도체장비
036540,SFA반도체,반도체와반도체장비
000660,SK하이닉스,반도체와반도체장비
399720,가온칩스,반도체와반도체장비
402490,그린리소스,반도체와반도체장비
420770,기가비스,반도체와반도체장비
253590,네오셈,반도체와반도체장비
033640,네패스,반도체와반도체장비
330860,네패스아크,반도체와반도체장비
396270,넥스트칩,반도체와반도체장비
348210,넥스틴,반도체와반도체장비
144960,뉴파워프라즈마,반도체와반도체장비
323350,다원넥스뷰,반도체와반도체장비
317330,덕산테코피아,반도체와반도체장비
077360,덕산하이메탈,반도체와반도체장비
094170,동운아나텍,반도체와반도체장비
005290,동진쎄미켐,반도체와반도체장비
131970,두산테스나,반도체와반도체장비
003160,디아이,반도체와반도체장비
092070,디엔에프,반도체와반도체장비
232680,라온로보틱스,반도체와반도체장비
418420,라온텍,반도체와반도체장비
171010,램테크놀러지,반도체와반도체장비
217500,러셀,반도체와반도체장비
412350,레이저쎌,반도체와반도체장비
071280,로체시스템즈,반도체와반도체장비
058470,리노공업,반도체와반도체장비
098120,마이크로컨텍솔,반도체와반도체장비
424980,마이크로투나노,반도체와반도체장비
093520,매커스,반도체와반도체장비
241770,메카로,반도체와반도체장비
254490,미래반도체,반도체와반도체장비
025560,미래산업,반도체와반도체장비
059090,미코,반도체와반도체장비
089970,브이엠,반도체와반도체장비
146320,비씨엔씨,반도체와반도체장비
452430,사피엔반도체,반도체와반도체장비
005930,삼성전자,반도체와반도체장비
005935,삼성전자우,반도체와반도체장비
482630,삼양엔씨켐,반도체와반도체장비
252990,샘씨엔에스,반도체와반도체장비
140070,서플러스글로벌,반도체와반도체장비
045300,성우테크론,반도체와반도체장비
490470,세미파이브,반도체와반도체장비
357780,솔브레인,반도체와반도체장비
033170,시그네틱스,반도체와반도체장비
429270,시지트로닉스,반도체와반도체장비
011930,신성이엔지,반도체와반도체장비
234030,싸이닉솔루션,반도체와반도체장비
160980,싸이맥스,반도체와반도체장비
264660,씨앤지하이테크,반도체와반도체장비
388210,씨엠티엑스,반도체와반도체장비
052860,아이앤씨,반도체와반도체장비
464500,아이언디바이스,반도체와반도체장비
212710,아이에스티이,반도체와반도체장비
451220,아이엠티,반도체와반도체장비
149010,아이케이세미콘,반도체와반도체장비
119830,아이텍,반도체와반도체장비
059120,아진엑스텍,반도체와반도체장비
096610,알에프세미,반도체와반도체장비
117670,알파칩스,반도체와반도체장비
102120,어보브반도체,반도체와반도체장비
101490,에스앤에스텍,반도체와반도체장비
039440,에스티아이,반도체와반도체장비
200710,에이디테크놀로지,반도체와반도체장비
172670,에이엘티,반도체와반도체장비
445090,에이직랜드,반도체와반도체장비
200470,에이팩트,반도체와반도체장비
036810,에프에스티,반도체와반도체장비
054940,엑사이엔씨,반도체와반도체장비
092870,엑시콘,반도체와반도체장비
101400,엔시트론,반도체와반도체장비
227950,엔투텍,반도체와반도체장비
083310,엘오티베큠,반도체와반도체장비
489500,엘케이켐,반도체와반도체장비
170920,엘티씨,반도체와반도체장비
226590,엠디바이스,반도체와반도체장비
033160,엠케이전자,반도체와반도체장비
122640,예스티,반도체와반도체장비
080520,오디텍,반도체와반도체장비
322310,오로스테크놀로지,반도체와반도체장비
080580,오킨스전자,반도체와반도체장비
394280,오픈엣지테크놀로지,반도체와반도체장비
232140,와이씨,반도체와반도체장비
112290,와이씨켐,반도체와반도체장비
396470,워트,반도체와반도체장비
240810,원익IPS,반도체와반도체장비
074600,원익QnC,반도체와반도체장비
030530,원익홀딩스,반도체와반도체장비
101160,월덱스,반도체와반도체장비
348350,위드텍,반도체와반도체장비
097800,윈팩,반도체와반도체장비
036200,유니셈,반도체와반도체장비
077500,유니퀘스트,반도체와반도체장비
086390,유니테스트,반도체와반도체장비
142210,유니트론텍,반도체와반도체장비
084370,유진테크,반도체와반도체장비
102710,이엔에프테크놀로지,반도체와반도체장비
041520,이엘씨,반도체와반도체장비
039030,이오테크닉스,반도체와반도체장비
064290,인텍플러스,반도체와반도체장비
417840,저스템,반도체와반도체장비
217190,제너셈,반도체와반도체장비
079370,제우스,반도체와반도체장비
417500,제이아이테크,반도체와반도체장비
452160,제이엔비,반도체와반도체장비
089790,제이티,반도체와반도체장비
080220,제주반도체,반도체와반도체장비
082270,젬백스,반도체와반도체장비
036930,주성엔지니어링,반도체와반도체장비
303030,지니틱스,반도체와반도체장비
306620,지아이에스,반도체와반도체장비
382800,지앤비에스 에코,반도체와반도체장비
311320,지오엘리먼트,반도체와반도체장비
094360,칩스앤미디어,반도체와반도체장비
029460,케이씨,반도체와반도체장비
281820,케이씨텍,반도체와반도체장비
093640,케이알엠,반도체와반도체장비
105330,케이엔더블유,반도체와반도체장비
272110,케이엔제이,반도체와반도체장비
183300,코미코,반도체와반도체장비
089890,코세스,반도체와반도체장비
355150,코스텍시스,반도체와반도체장비
169670,코스텍시스템,반도체와반도체장비
432720,퀄리타스반도체,반도체와반도체장비
405100,큐알티,반도체와반도체장비
066310,큐에스아이,반도체와반도체장비
136660,큐엠씨,반도체와반도체장비
219130,타이거일렉,반도체와반도체장비
950250,테라뷰,반도체와반도체장비
095610,테스,반도체와반도체장비
064520,테크엘,반도체와반도체장비
089030,테크윙,반도체와반도체장비
054450,텔레칩스,반도체와반도체장비
064760,티씨케이,반도체와반도체장비
131290,티에스이,반도체와반도체장비
425420,티에프이,반도체와반도체장비
356860,티엘비,반도체와반도체장비
413300,티엘엔지니어링,반도체와반도체장비
425040,티이엠씨,반도체와반도체장비
241790,티이엠씨씨엔에스,반도체와반도체장비
440110,파두,반도체와반도체장비
445180,퓨릿,반도체와반도체장비
053610,프로텍,반도체와반도체장비
032580,피델릭스,반도체와반도체장비
319660,피에스케이,반도체와반도체장비
031980,피에스케이홀딩스,반도체와반도체장비
147760,피엠티,반도체와반도체장비
087600,픽셀플러스,반도체와반도체장비
067310,하나마이크론,반도체와반도체장비
166090,하나머티리얼즈,반도체와반도체장비
365590,하이딥,반도체와반도체장비
006200,한국전자홀딩스,반도체와반도체장비
042700,한미반도체,반도체와반도체장비
114810,한솔아이원스,반도체와반도체장비
078350,한양디지텍,반도체와반도체장비
045100,한양이엔지,반도체와반도체장비
195870,해성디에스,반도체와반도체장비
079160,CJ CGV,방송과엔터테인먼트
035760,CJ ENM,방송과엔터테인먼트
035900,JYP Ent.,방송과엔터테인먼트
058400,KNN,방송과엔터테인먼트
043610,KT지니뮤직,방송과엔터테인먼트
037560,LG헬로비전,방송과엔터테인먼트
476080,M83,방송과엔터테인먼트
160550,NEW,방송과엔터테인먼트
104200,NHN벅스,방송과엔터테인먼트
419530,SAMG엔터,방송과엔터테인먼트
034120,SBS,방송과엔터테인먼트
063440,SM Life Design,방송과엔터테인먼트
037270,YG PLUS,방송과엔터테인먼트
040300,YTN,방송과엔터테인먼트
052220,iMBC,방송과엔터테인먼트
473980,노머스,방송과엔터테인먼트
464580,닷밀,방송과엔터테인먼트
048910,대원미디어,방송과엔터테인먼트
302920,더콘텐츠온,방송과엔터테인먼트
403850,더핑크퐁컴퍼니,방송과엔터테인먼트
206560,덱스터,방송과엔터테인먼트
060570,드림어스컴퍼니,방송과엔터테인먼트
035620,바른손이앤에이,방송과엔터테인먼트
369370,블리츠웨이엔터테인먼트,방송과엔터테인먼트
044480,빌리언스,방송과엔터테인먼트
046390,삼화네트웍스,방송과엔터테인먼트
086980,쇼박스,방송과엔터테인먼트
053210,스카이라이프,방송과엔터테인먼트
253450,스튜디오드래곤,방송과엔터테인먼트
408900,스튜디오미르,방송과엔터테인먼트
066790,씨씨에스,방송과엔터테인먼트
012170,아센디오,방송과엔터테인먼트
078860,아이오케이이엔엠,방송과엔터테인먼트
200350,아티스트스튜디오,방송과엔터테인먼트
321820,아티스트컴퍼니,방송과엔터테인먼트
361570,알비더블유,방송과엔터테인먼트
310200,애니플러스,방송과엔터테인먼트
041510,에스엠,방송과엔터테인먼트
241840,에이스토리,방송과엔터테인먼트
173940,에프엔씨엔터,방송과엔터테인먼트
122870,와이지엔터테인먼트,방송과엔터테인먼트
299900,위지윅스튜디오,방송과엔터테인먼트
047820,초록뱀미디어,방송과엔터테인먼트
210120,캔버스엔,방송과엔터테인먼트
322780,코퍼스코리아,방송과엔터테인먼트
036420,콘텐트리중앙,방송과엔터테인먼트
182360,큐브엔터,방송과엔터테인먼트
054780,키이스트,방송과엔터테인먼트
476710,타조이엔터테인먼트,방송과엔터테인먼트
033830,티비씨,방송과엔터테인먼트
131100,티엔엔터테인먼트,방송과엔터테인먼트
032800,판타지오,방송과엔터테인먼트
068050,팬엔터테인먼트,방송과엔터테인먼트
389140,포바이포,방송과엔터테인먼트
352820,하이브,방송과엔터테인먼트
039340,한국경제TV,방송과엔터테인먼트
058450,한주에이알티,방송과엔터테인먼트
282330,BGF리테일,백화점과일반상점
007070,GS리테일,백화점과일반상점
950170,JTC,백화점과일반상점
037710,광주신세계,백화점과일반상점
006370,대구백화점,백화점과일반상점
023530,롯데쇼핑,백화점과일반상점
067830,세이브존I&C,백화점과일반상점
004170,신세계,백화점과일반상점
139480,이마트,백화점과일반상점
452260,한화갤러리아,백화점과일반상점
069960,현대백화점,백화점과일반상점
008770,호텔신라,백화점과일반상점
008775,호텔신라우,백화점과일반상점
001040,CJ,복합기업
001045,CJ우,복합기업
487570,HS효성,복합기업
122450,KX,복합기업
003550,LG,복합기업
003555,LG우,복합기업
001740,SK네트웍스,복합기업
402340,SK스퀘어,복합기업
000150,두산,복합기업
000157,두산2우B,복합기업
000155,두산우,복합기업
004990,롯데지주,복합기업
028260,삼성물산,복합기업
002020,코오롱,복합기업
002025,코오롱우,복합기업
004150,한솔홀딩스,복합기업
000880,한화,복합기업
005440,현대지에프홀딩스,복합기업
004800,효성,복합기업
071320,지역난방공사,복합유틸리티
365550,ESR켄달스퀘어리츠,부동산
204210,JK리버스톤리츠,부동산
432320,KB스타리츠,부동산
400760,NH올원리츠,부동산
338100,NH프라임리츠,부동산
210980,SK디앤디,부동산
395400,SK리츠,부동산
377190,디앤디플랫폼리츠,부동산
266170,레드우즈,부동산
330590,롯데리츠,부동산
357430,마스턴프리미어리츠,부동산
094800,맵스리얼티,부동산
396690,미래에셋글로벌리츠,부동산
357250,미래에셋맵스리츠,부동산
033560,블루콤,부동산
448730,삼성FN리츠,부동산
001000,신라섬유,부동산
481850,신한글로벌액티브리츠,부동산
404990,신한서부티엔디리츠,부동산
293940,신한알파리츠,부동산
140910,에이리츠,부동산
088260,이리츠코크렙,부동산
015020,이스타코,부동산
350520,이지스레지던스리츠,부동산
334890,이지스밸류플러스리츠,부동산
348950,제이알글로벌리츠,부동산
145270,케이탑리츠,부동산
417310,코람코더원리츠,부동산
357120,코람코라이프인프라리츠,부동산
123890,한국자산신탁,부동산
034830,한국토지신탁,부동산
005110,한창,부동산
451800,한화리츠,부동산
000480,CR홀딩스,비철금속
155660,DSR,비철금속
037370,EG,비철금속
009160,SIMPAC,비철금속
012320,경동인베스트,비철금속
010130,고려아연,비철금속
060480,국일신동,비철금속
008350,남선알미늄,비철금속
008355,남선알미우,비철금속
012800,대창,비철금속
069460,대호에이엘,비철금속
075970,동국알앤에스,비철금속
024090,디씨엠,비철금속
009620,삼보산업,비철금속
006110,삼아알미늄,비철금속
021050,서원,비철금속
001780,알루코,비철금속
295310,에이치브이엠,비철금속
025820,이구산업,비철금속
009730,이렘,비철금속
081000,일진다이아,비철금속
001560,제일연마,비철금속
462520,조선내화,비철금속
018470,조일알미늄,비철금속
054410,케이피티유,비철금속
900250,크리스탈신소재,비철금속
256940,킵스파마,비철금속
014580,태경비케이,비철금속
015890,태경산업,비철금속
258050,테크트랜스,비철금속
081150,티플랙스,비철금속
177830,파버나인,비철금속
058430,포스코스틸리온,비철금속
103140,풍산,비철금속
005810,풍산홀딩스,비철금속
128660,피제이메탈,비철금속
010040,한국내화,비철금속
079170,한창산업,비철금속
054920,한컴위드,비철금속
004560,현대비앤지스틸,비철금속
032560,황금에스티,비철금속
029530,신도리코,사무용전자제품
009440,KC그린홀딩스,상업서비스와공급품
119650,KC코트렐,상업서비스와공급품
058850,KTcs,상업서비스와공급품
058860,KTis,상업서비스와공급품
030190,NICE평가정보,상업서비스와공급품
049720,고려신용정보,상업서비스와공급품
130580,나이스디앤비,상업서비스와공급품
036800,나이스정보통신,상업서비스와공급품
203650,드림시큐리티,상업서비스와공급품
377450,리파인,상업서비스와공급품
090370,메타랩스,상업서비스와공급품
143240,사람인,상업서비스와공급품
036120,서울평가정보,상업서비스와공급품
068940,셀피글로벌,상업서비스와공급품
122900,아이마켓코리아,상업서비스와공급품
030960,양지사,상업서비스와공급품
012750,에스원,상업서비스와공급품
448280,에코아이,상업서비스와공급품
383310,에코프로에이치엔,상업서비스와공급품
276240,엘리비젼,상업서비스와공급품
440320,오픈놀,상업서비스와공급품
376980,원티드랩,상업서비스와공급품
092130,이크레더블,상업서비스와공급품
060150,인선이엔티,상업서비스와공급품
043910,자연과환경,상업서비스와공급품
033050,제이엠아이,상업서비스와공급품
377460,큐에이드,상업서비스와공급품
105760,포스뱅크,상업서비스와공급품
034950,한국기업평가,상업서비스와공급품
090850,현대이지웰,상업서비스와공급품
094280,효성ITX,상업서비스와공급품
083790,CG인바이츠,생명과학도구및서비스
311690,CJ 바이오사이언스,생명과학도구및서비스
245620,EDGC,생명과학도구및서비스
278650,HLB바이오스텝,생명과학도구및서비스
046210,HLB파나진,생명과학도구및서비스
039860,나노엔텍,생명과학도구및서비스
131220,대한과학,생명과학도구및서비스
383930,디티앤씨알오,생명과학도구및서비스
084650,랩지노믹스,생명과학도구및서비스
038290,마크로젠,생명과학도구및서비스
236340,메디젠휴먼케어,생명과학도구및서비스
206640,바디텍메드,생명과학도구및서비스
199730,바이오인프라,생명과학도구및서비스
266470,바이오인프라생명과학,생명과학도구및서비스
086040,바이오톡스텍,생명과학도구및서비스
950200,소마젠,생명과학도구및서비스
096530,씨젠,생명과학도구및서비스
460470,아이빔테크놀로지,생명과학도구및서비스
461030,아이엠비디엑스,생명과학도구및서비스
238120,얼라인드,생명과학도구및서비스
950130,엑세스바이오,생명과학도구및서비스
354200,엔젠바이오,생명과학도구및서비스
182400,엔케이젠바이오텍코리아,생명과학도구및서비스
036220,오상헬스케어,생명과학도구및서비스
382150,온코크로스,생명과학도구및서비스
226950,올릭스,생명과학도구및서비스
215380,우정바이오,생명과학도구및서비스
048530,인트론바이오,생명과학도구및서비스
068330,일신바이오,생명과학도구및서비스
127120,제이에스링크,생명과학도구및서비스
340450,지씨지놈,생명과학도구및서비스
317690,퀀타매트릭스,생명과학도구및서비스
456190,큐라켐,생명과학도구및서비스
494120,큐리오시스,생명과학도구및서비스
445680,큐리옥스바이오시스템즈,생명과학도구및서비스
475960,토모큐브,생명과학도구및서비스
335810,프리시젼바이오,생명과학도구및서비스
241820,피씨엘,생명과학도구및서비스
347740,피엔케이피부임상연구센타,생명과학도구및서비스
205470,휴마시스,생명과학도구및서비스
082640,동양생명,생명보험
085620,미래에셋생명,생명보험
032830,삼성생명,생명보험
462980,아이지넷,생명보험
088350,한화생명,생명보험
187420,HLB제넥스,생물공학
196300,HLB펩,생물공학
054050,NH농우바이오,생물공학
217730,강스템바이오텍,생물공학
007390,네이처셀,생물공학
347850,디앤디파마텍,생물공학
086900,메디톡스,생물공학
078160,메디포스트,생물공학
322970,무진메디,생물공학
064550,바이오니아,생물공학
086820,바이오솔루션,생물공학
251120,바이오에프디엔씨,생물공학
038070,서린바이오,생물공학
067370,선바이오,생물공학
331920,셀레믹스,생물공학
352770,셀레스트라,생물공학
299660,셀리드,생물공학
049960,쎌바이오텍,생물공학
092040,아미코젠,생물공학
154030,아시아종묘,생물공학
185490,아이진,생물공학
476830,알지노믹스,생물공학
196170,알테오젠,생물공학
291650,압타머사이언스,생물공학
174900,앱클론,생물공학
304360,에스바이오메딕스,생물공학
298380,에이비엘바이오,생물공학
446440,에피바이오텍,생물공학
373110,엑셀세라퓨틱스,생물공학
476040,오가노이드사이언스,생물공학
002630,오리엔트바이오,생물공학
338840,와이바이오로직스,생물공학
206650,유바이오로직스,생물공학
263050,유틸렉스,생물공학
216400,인바이츠바이오코아,생물공학
095700,제넥신,생물공학
066830,제노텍,생물공학
389030,지니너스,생물공학
358570,지아이이노베이션,생물공학
388610,지에프씨생명과학,생물공학
109820,진매트릭스,생물공학
011000,진원생명과학,생물공학
166480,코아스템켐온,생물공학
950160,코오롱티슈진,생물공학
464490,쿼드메디슨,생물공학
348080,큐라티스,생물공학
372320,큐로셀,생물공학
215570,크로넥스,생물공학
191420,테고사이언스,생물공학
199800,툴젠,생물공학
246710,티앤알바이오팹,생물공학
388870,파로스아이바이오,생물공학
222110,팬젠,생물공학
087010,펩트론,생물공학
298060,풍전약품,생물공학
468530,프로티나,생물공학
084990,헬릭스미스,생물공학
145020,휴젤,생물공학
078930,GS,석유와가스
078935,GS우,석유와가스
010950,S-Oil,석유와가스
010955,S-Oil우,석유와가스
034730,SK,석유와가스
006120,SK디스커버리,석유와가스
006125,SK디스커버리우,석유와가스
096770,SK이노베이션,석유와가스
096775,SK이노베이션우,석유와가스
014530,극동유화,석유와가스
128820,대성산업,석유와가스
012700,리드코프,석유와가스
065420,에스아이리소스,석유와가스
126880,제이엔케이글로벌,석유와가스
000440,중앙에너비스,석유와가스
024060,흥구석유,석유와가스
001460,BYC,"섬유,의류,신발,호화품"
001465,BYC우,"섬유,의류,신발,호화품"
001530,DI동일,"섬유,의류,신발,호화품"
383220,F&F,"섬유,의류,신발,호화품"
007700,F&F홀딩스,"섬유,의류,신발,호화품"
093050,LF,"섬유,의류,신발,호화품"
004060,SG세계물산,"섬유,의류,신발,호화품"
002170,SYTS,"섬유,의류,신발,호화품"
084870,TBH글로벌,"섬유,의류,신발,호화품"
007980,TP,"섬유,의류,신발,호화품"
036620,감성코퍼레이션,"섬유,의류,신발,호화품"
000050,경방,"섬유,의류,신발,호화품"
366030,공구우먼,"섬유,의류,신발,호화품"
204020,그리티,"섬유,의류,신발,호화품"
145170,노브랜드,"섬유,의류,신발,호화품"
462310,뉴키즈온,"섬유,의류,신발,호화품"
024890,대원화성,"섬유,의류,신발,호화품"
001070,대한방직,"섬유,의류,신발,호화품"
016090,대현,"섬유,의류,신발,호화품"
298540,더네이쳐홀딩스,"섬유,의류,신발,호화품"
004830,덕성,"섬유,의류,신발,호화품"
004835,덕성우,"섬유,의류,신발,호화품"
227420,도부,"섬유,의류,신발,호화품"
111380,동인기연,"섬유,의류,신발,호화품"
263020,디케이앤디,"섬유,의류,신발,호화품"
900110,딥커머스,"섬유,의류,신발,호화품"
081660,미스토홀딩스,"섬유,의류,신발,호화품"
351020,미쥬,"섬유,의류,신발,호화품"
003610,방림,"섬유,의류,신발,호화품"
267790,배럴,"섬유,의류,신발,호화품"
035150,백산,"섬유,의류,신발,호화품"
478560,블랙야크아이앤씨,"섬유,의류,신발,호화품"
002070,비비안,"섬유,의류,신발,호화품"
031430,신세계인터내셔날,"섬유,의류,신발,호화품"
005800,신영와코루,"섬유,의류,신발,호화품"
009270,신원,"섬유,의류,신발,호화품"
109670,씨싸이트,"섬유,의류,신발,호화품"
352700,씨앤투스,"섬유,의류,신발,호화품"
013990,아가방컴퍼니,"섬유,의류,신발,호화품"
032080,아즈텍WB,"섬유,의류,신발,호화품"
306040,에스제이그룹,"섬유,의류,신발,호화품"
098660,에스티오,"섬유,의류,신발,호화품"
481070,에이유브랜즈,"섬유,의류,신발,호화품"
230360,에코마케팅,"섬유,의류,신발,호화품"
111770,영원무역,"섬유,의류,신발,호화품"
009970,영원무역홀딩스,"섬유,의류,신발,호화품"
005320,온타이드,"섬유,의류,신발,호화품"
011300,우성머티리얼스,"섬유,의류,신발,호화품"
008290,원풍물산,"섬유,의류,신발,호화품"
008600,윌비스,"섬유,의류,신발,호화품"
335870,윙스풋,"섬유,의류,신발,호화품"
011330,유니켐,"섬유,의류,신발,호화품"
084680,이월드,"섬유,의류,신발,호화품"
014990,인디에프,"섬유,의류,신발,호화품"
003200,일신방직,"섬유,의류,신발,호화품"
000950,전방,"섬유,의류,신발,호화품"
194370,제이에스코퍼레이션,"섬유,의류,신발,호화품"
026040,제이에스티나,"섬유,의류,신발,호화품"
337930,젝시믹스,"섬유,의류,신발,호화품"
004700,조광피혁,"섬유,의류,신발,호화품"
033340,좋은사람들,"섬유,의류,신발,호화품"
065060,지엔코,"섬유,의류,신발,호화품"
088790,진도,"섬유,의류,신발,호화품"
083550,케이엠,"섬유,의류,신발,호화품"
047770,코데즈컴바인,"섬유,의류,신발,호화품"
110790,크리스에프앤씨,"섬유,의류,신발,호화품"
215480,토박스코리아,"섬유,의류,신발,호화품"
900100,파이온엑스,"섬유,의류,신발,호화품"
225590,패션플랫폼,"섬유,의류,신발,호화품"
472850,폰드그룹,"섬유,의류,신발,호화품"
114630,폴라리스우노,"섬유,의류,신발,호화품"
020000,한섬,"섬유,의류,신발,호화품"
105630,한세실업,"섬유,의류,신발,호화품"
069640,한세엠케이,"섬유,의류,신발,호화품"
016450,한세예스24홀딩스,"섬유,의류,신발,호화품"
011080,형지I&C,"섬유,의류,신발,호화품"
308100,형지글로벌,"섬유,의류,신발,호화품"
093240,형지엘리트,"섬유,의류,신발,호화품"
111110,호전실업,"섬유,의류,신발,호화품"
241590,화승엔터프라이즈,"섬유,의류,신발,호화품"
006060,화승인더,"섬유,의류,신발,호화품"
298020,효성티앤씨,"섬유,의류,신발,호화품"
079980,휴비스,"섬유,의류,신발,호화품"
418620,E8,소프트웨어
086960,MDS테크,소프트웨어
184230,SGA솔루션즈,소프트웨어
153460,네이블,소프트웨어
040160,누리플렉스,소프트웨어
012510,더존비즈온,소프트웨어
016670,디모아,소프트웨어
197140,디지캡,소프트웨어
042510,라온시큐어,소프트웨어
300120,라온피플,소프트웨어
219420,링크제니시스,소프트웨어
477850,마키나락스,소프트웨어
434480,모니터랩,소프트웨어
250060,모비스,소프트웨어
288980,모아데이타,소프트웨어
301300,바이브컴퍼니,소프트웨어
438700,버넥트,소프트웨어
099390,브레인즈컴퍼니,소프트웨어
148780,비큐AI,소프트웨어
049470,비트플래닛,소프트웨어
466410,사이냅소프트,소프트웨어
419120,산돌,소프트웨어
411080,샌즈랩,소프트웨어
039310,세중,소프트웨어
258790,소프트캠프,소프트웨어
050960,수산아이앤티,소프트웨어
298830,슈어소프트테크,소프트웨어
276040,스코넥,소프트웨어
340810,시선AI,소프트웨어
418250,시큐레터,소프트웨어
131090,시큐브,소프트웨어
262840,아이퀘스트,소프트웨어
158430,아톤,소프트웨어
053800,안랩,소프트웨어
131370,알서포트,소프트웨어
347860,알체라,소프트웨어
275630,에스에스알,소프트웨어
205100,엑셈,소프트웨어
356680,엑스게이트,소프트웨어
058970,엠로,소프트웨어
060850,영림원소프트랩,소프트웨어
417860,오브젠,소프트웨어
352910,오비고,소프트웨어
053980,오상자이엘,소프트웨어
096250,와이즈넛,소프트웨어
053580,웹케시,소프트웨어
065370,위세아이텍,소프트웨어
136540,윈스테크넷,소프트웨어
088340,유라클,소프트웨어
495810,유비씨,소프트웨어
274400,이노시뮬레이션,소프트웨어
296640,이노에이엑스,소프트웨어
053350,이니텍,소프트웨어
047560,이스트소프트,소프트웨어
450520,인스웨이브,소프트웨어
100030,인지소프트,소프트웨어
263860,지니언스,소프트웨어
208350,지란지교시큐리티,소프트웨어
446840,지슨,소프트웨어
192250,케이사인,소프트웨어
402030,코난테크놀로지,소프트웨어
139670,키네마스터,소프트웨어
078000,텔코웨어,소프트웨어
079970,투비소프트,소프트웨어
290090,트윔,소프트웨어
290560,파라택시스이더리움,소프트웨어
150900,파수AI,소프트웨어
189690,포시에스,소프트웨어
075130,플랜티넷,소프트웨어
291810,핀텔,소프트웨어
030520,한글과컴퓨터,소프트웨어
430690,한싹,소프트웨어
220180,핸디소프트,소프트웨어
290270,휴네시온,소프트웨어
005830,DB손해보험,손해보험
000400,롯데손해보험,손해보험
000810,삼성화재,손해보험
000815,삼성화재우,손해보험
031210,서울보증보험,손해보험
244920,에이플러스에셋,손해보험
211050,인카금융서비스,손해보험
003690,코리안리,손해보험
000370,한화손해보험,손해보험
001450,현대해상,손해보험
000540,흥국화재,손해보험
000545,흥국화재우,손해보험
011150,CJ씨푸드,식품
011155,CJ씨푸드1우,식품
097950,CJ제일제당,식품
097955,CJ제일제당 우,식품
002140,고려산업,식품
339770,교촌에프앤비,식품
003920,남양유업,식품
003925,남양유업우,식품
229500,노브메타파마,식품
004370,농심,식품
072710,농심홀딩스,식품
178600,대동고려삼,식품
065150,대산F&B,식품
001680,대상,식품
001685,대상우,식품
084690,대상홀딩스,식품
084695,대상홀딩스우,식품
003310,대주산업,식품
001790,대한제당,식품
001795,대한제당우,식품
001130,대한제분,식품
026960,동서,식품
088910,동우팜투테이블,식품
006040,동원산업,식품
030720,동원수산,식품
280360,롯데웰푸드,식품
027740,마니커,식품
195500,마니커에프앤지,식품
267980,매일유업,식품
005990,매일홀딩스,식품
140410,메지온,식품
218150,미래생명자원,식품
188040,바이오포트,식품
002760,보락,식품
005180,빙그레,식품
003960,사조대림,식품
008040,사조동아원,식품
007160,사조산업,식품
014710,사조씨푸드,식품
006090,사조오양,식품
005610,삼립,식품
145990,삼양사,식품
145995,삼양사우,식품
003230,삼양식품,식품
007540,샘표,식품
248170,샘표식품,식품
004410,서울식품,식품
004415,서울식품우,식품
136490,선진,식품
004970,신라교역,식품
025870,신라에스지,식품
236030,씨알푸드,식품
435570,에르코스,식품
260970,에스앤디,식품
009780,엠에스씨,식품
007310,오뚜기,식품
271560,오리온,식품
001800,오리온홀딩스,식품
368970,오에스피,식품
403490,우듬지팜,식품
073560,우리손에프앤지,식품
006980,우성,식품
103840,우양,식품
900340,윙입푸드,식품
353810,이지바이오,식품
035810,이지홀딩스,식품
277410,인산가,식품
208140,정다운,식품
002600,조흥,식품
066360,체리부로,식품
025880,케이씨피드,식품
051780,큐로홀딩스,식품
264900,크라운제과,식품
005740,크라운해태홀딩스,식품
005745,크라운해태홀딩스우,식품
036580,팜스코,식품
027710,팜스토리,식품
290720,푸드나무,식품
005670,푸드웰,식품
017810,풀무원,식품
136480,하림,식품
003380,하림지주,식품
222980,한국맥널티,식품
003680,한성기업,식품
005860,한일사료,식품
002680,한탑,식품
101530,해태제과식품,식품
453340,현대그린푸드,식품
016790,현대사료,식품
051500,CJ프레시웨이,식품과기본식료품소매
311390,네오크레마,식품과기본식료품소매
289170,바이오텐,식품과기본식료품소매
250000,보라티알,식품과기본식료품소매
223310,사토시홀딩스,식품과기본식료품소매
006880,신송홀딩스,식품과기본식료품소매
004590,한국가구,식품과기본식료품소매
227840,현대코퍼레이션홀딩스,식품과기본식료품소매
214270,FSN,양방향미디어와서비스
035420,NAVER,양방향미디어와서비스
067160,SOOP,양방향미디어와서비스
089230,THE E&M,양방향미디어와서비스
376300,디어유,양방향미디어와서비스
443250,레뷰코퍼레이션,양방향미디어와서비스
408920,메쎄이상,양방향미디어와서비스
207760,미스터블루,양방향미디어와서비스
317530,에피소드컴퍼니,양방향미디어와서비스
239340,이스트에이드,양방향미디어와서비스
289220,자이언트스텝,양방향미디어와서비스
035720,카카오,양방향미디어와서비스
020120,키다리스튜디오,양방향미디어와서비스
134580,탑코미디어,양방향미디어와서비스
202960,판도라티비,양방향미디어와서비스
300080,플리토,양방향미디어와서비스
417180,핑거스토리,양방향미디어와서비스
322000,HD현대에너지솔루션,에너지장비및서비스
099220,SDN,에너지장비및서비스
005090,SGC에너지,에너지장비및서비스
100090,SK오션플랜트,에너지장비및서비스
475150,SK이터닉스,에너지장비및서비스
100840,SNT에너지,에너지장비및서비스
282720,금양그린파워,에너지장비및서비스
389260,대명에너지,에너지장비및서비스
100130,동국S&C,에너지장비및서비스
083650,비에이치아이,에너지장비및서비스
126720,수산인더스트리,에너지장비및서비스
112610,씨에스윈드,에너지장비및서비스
270520,앱튼,에너지장비및서비스
095910,에스에너지,에너지장비및서비스
060900,에이전트AI,에너지장비및서비스
038870,에코심플렉스,에너지장비및서비스
224760,엔에스컴퍼니,에너지장비및서비스
046120,오르비텍,에너지장비및서비스
101970,우양에이치씨,에너지장비및서비스
457550,우진엔텍,에너지장비및서비스
136150,원일티엔아이,에너지장비및서비스
018000,유니슨,에너지장비및서비스
379390,이성씨엔아이,에너지장비및서비스
137950,제이씨케미칼,에너지장비및서비스
180060,탑선,에너지장비및서비스
044490,태웅,에너지장비및서비스
043200,파루,에너지장비및서비스
098070,한텍,에너지장비및서비스
009830,한화솔루션,에너지장비및서비스
009835,한화솔루션우,에너지장비및서비스
079550,LIG디펜스앤에어로스페이스,우주항공과국방
327260,RF머트리얼즈,우주항공과국방
474610,RF시스템즈,우주항공과국방
035460,기산텔레콤,우주항공과국방
478340,나라스페이스테크놀로지,우주항공과국방
474170,루미르,우주항공과국방
230980,비유테크놀러지,우주항공과국방
488900,비츠로넥스텍,우주항공과국방
065450,빅텍,우주항공과국방
484590,삼양컴텍,우주항공과국방
215090,솔디펜스,우주항공과국방
347700,스피어,우주항공과국방
099320,쎄트렉아이,우주항공과국방
067390,아스트,우주항공과국방
214430,아이쓰리시스템,우주항공과국방
484870,엠앤씨솔루션,우주항공과국방
032820,우리기술,우주항공과국방
095270,웨이브일렉트로,우주항공과국방
289930,웨이비스,우주항공과국방
462350,이노스페이스,우주항공과국방
361390,제노코,우주항공과국방
451760,컨텍,우주항공과국방
288180,케이피항공산업,우주항공과국방
274090,켄코아에어로스페이스,우주항공과국방
448710,코츠테크놀로지,우주항공과국방
318660,타임기술,우주항공과국방
434190,탈로스,우주항공과국방
010820,퍼스텍,우주항공과국방
221840,하이즈항공,우주항공과국방
047810,한국항공우주,우주항공과국방
272210,한화시스템,우주항공과국방
012450,한화에어로스페이스,우주항공과국방
064350,현대로템,우주항공과국방
005870,휴니드,우주항공과국방
415640,KB발해인프라,운송인프라
088980,맥쿼리인프라,운송인프라
065710,서호전기,운송인프라
003100,선광,운송인프라
121890,에스디시스템,운송인프라
038620,위즈코프,운송인프라
045340,토탈소프트,운송인프라
005430,한국공항,운송인프라
138930,BNK금융지주,은행
175330,JB금융지주,은행
105560,KB금융,은행
139130,iM금융지주,은행
024110,기업은행,은행
055550,신한지주,은행
316140,우리금융지주,은행
006220,제주은행,은행
323410,카카오뱅크,은행
279570,케이뱅크,은행
086790,하나금융지주,은행
023150,MH에탄올,음료
043650,국순당,음료
405920,나라셀라,음료
005300,롯데칠성,음료
005305,롯데칠성우,음료
033920,무학,음료
000890,보해양조,음료
267080,세븐브로이맥주,음료
018120,진로발효,음료
004650,창해에탄올,음료
000080,하이트진로,음료
000087,하이트진로2우B,음료
000140,하이트진로홀딩스,음료
000145,하이트진로홀딩스우,음료
276730,한울앤제주,음료
189980,흥국에프엔비,음료
035080,그래디언트,인터넷과카탈로그소매
475460,미트박스,인터넷과카탈로그소매
257720,실리콘투,인터넷과카탈로그소매
069920,엑시온그룹,인터넷과카탈로그소매
053280,예스24,인터넷과카탈로그소매
362320,청담글로벌,인터넷과카탈로그소매
036030,케이티알파,인터넷과카탈로그소매
057050,현대홈쇼핑,인터넷과카탈로그소매
003620,KG모빌리티,자동차
151860,KG에코솔루션,자동차
001390,KG케미칼,자동차
000040,KR모터스,자동차
000270,기아,자동차
067990,도이치모터스,자동차
900140,엘브이엠씨홀딩스,자동차
381970,케이카,자동차
005380,현대차,자동차
005387,현대차2우B,자동차
005389,현대차3우B,자동차
005385,현대차우,자동차
000300,DH오토넥스,자동차부품
290120,DH오토리드,자동차부품
025440,DH오토웨어,자동차부품
007340,DN오토모티브,자동차부품
092780,DYP,자동차부품
130500,GH신소재,자동차부품
089470,HDC현대EP,자동차부품
204320,HL만도,자동차부품
060980,HL홀딩스,자동차부품
024120,KB오토시스,자동차부품
040610,SG&G,자동차부품
001380,SG글로벌,자동차부품
033530,SJG세종,자동차부품
123700,SJM,자동차부품
025530,SJM홀딩스,자동차부품
003570,SNT다이내믹스,자동차부품
064960,SNT모티브,자동차부품
036530,SNT홀딩스,자동차부품
041930,SY동아,자동차부품
013720,THE CUBE&,자동차부품
024910,경창산업,자동차부품
012200,계양전기,자동차부품
012205,계양전기우,자동차부품
053270,구영테크,자동차부품
900070,글로벌에스엠,자동차부품
214330,금호에이치티,자동차부품
073240,금호타이어,자동차부품
212560,네오오토,자동차부품
085910,네오티스,자동차부품
005720,넥센,자동차부품
005725,넥센우,자동차부품
002350,넥센타이어,자동차부품
002355,넥센타이어1우B,자동차부품
208860,다산디엠씨,자동차부품
145210,다이나믹디자인,자동차부품
020400,대동금속,자동차부품
000430,대원강업,자동차부품
005710,대원산업,자동차부품
018500,동원금속,자동차부품
016740,두올,자동차부품
092200,디아이씨,자동차부품
104040,디에스엠,자동차부품
013570,디와이,자동차부품
024900,디와이덕양,자동차부품
310870,디와이씨,자동차부품
002880,디와이에이,자동차부품
113810,디젠스,자동차부품
009900,명신산업,자동차부품
087260,모바일어플라이언스,자동차부품
101330,모베이스,자동차부품
012860,모베이스전자,자동차부품
009680,모토닉,자동차부품
118990,모트렉스,자동차부품
463480,모티브링크,자동차부품
005030,부산주공,자동차부품
122350,삼기,자동차부품
419050,삼기에너지솔루션즈,자동차부품
053700,삼보모터스,자동차부품
006660,삼성공조,자동차부품
023000,삼원강재,자동차부품
437730,삼현,자동차부품
041650,상신브레이크,자동차부품
075180,새론오토모티브,자동차부품
007860,서연,자동차부품
200880,서연이화,자동차부품
019770,서연탑메탈,자동차부품
122690,서진오토모티브,자동차부품
015750,성우하이텍,자동차부품
080470,성창오토텍,자동차부품
053060,세동,자동차부품
004490,세방전지,자동차부품
024830,세원물산,자동차부품
021820,세원정공,자동차부품
424960,스마트레이더시스템,자동차부품
066590,스모트로닉,자동차부품
308170,씨티알모빌리티,자동차부품
331740,아우토크립트,자동차부품
038880,아이에이,자동차부품
090150,아이윈,자동차부품
013310,아진산업,자동차부품
009320,아진전자부품,자동차부품
354320,알멕,자동차부품
005850,에스엘,자동차부품
010580,에스엠벡셀,자동차부품
312610,에이에프더블류,자동차부품
097780,에코볼트,자동차부품
128540,에코캡,자동차부품
038110,에코플라스틱,자동차부품
067570,엔브이에이치코리아,자동차부품
093510,엔지브이아이,자동차부품
123040,엠에스오토텍,자동차부품
033310,엠투엔,자동차부품
105550,엣지파운드리,자동차부품
012280,영화금속,자동차부품
265560,영화테크,자동차부품
065500,오리엔트정공,자동차부품
031510,오스템,자동차부품
353590,오토앤,자동차부품
007530,와이엠,자동차부품
215360,우리산업,자동차부품
072470,우리산업홀딩스,자동차부품
017370,우신시스템,자동차부품
140660,위월드,자동차부품
047400,유니온머티리얼,자동차부품
011320,유니크,자동차부품
241690,유니테크노,자동차부품
048430,유라테크,자동차부품
002920,유성기업,자동차부품
146060,율촌,자동차부품
088290,이원컴포텍,자동차부품
023800,인지컨트롤스,자동차부품
023810,인팩,자동차부품
008500,일정실업,자동차부품
019540,일지테크,자동차부품
271940,일진하이솔루스,자동차부품
013870,지엠비코리아,자동차부품
100250,진양홀딩스,자동차부품
033250,체시스,자동차부품
071850,캐스텍코리아,자동차부품
001620,케이비아이동국실업,자동차부품
046070,코다코,자동차부품
123410,코리아에프티,자동차부품
336680,탑런토탈솔루션,자동차부품
004100,태양금속,자동차부품
004105,태양금속우,자동차부품
116100,태양기계,자동차부품
001420,태원물산,자동차부품
019180,티에이치엔,자동차부품
130740,티피씨글로벌,자동차부품
090080,평화산업,자동차부품
010770,평화홀딩스,자동차부품
234100,폴라리스세원,자동차부품
041020,폴라리스오피스,자동차부품
093380,풍강,자동차부품
043370,피에이치에이,자동차부품
025540,한국단자,자동차부품
010100,한국무브넥스,자동차부품
000240,한국앤컴퍼니,자동차부품
021650,한국큐빅,자동차부품
161390,한국타이어앤테크놀로지,자동차부품
448900,한국피아이엠,자동차부품
125490,한라캐스트,자동차부품
018880,한온시스템,자동차부품
024740,한일단조,자동차부품
198940,한주라이트메탈,자동차부품
143210,핸즈코퍼레이션,자동차부품
170030,현대공업,자동차부품
012330,현대모비스,자동차부품
011210,현대위아,자동차부품
378850,화승알앤에이,자동차부품
013520,화승코퍼레이션,자동차부품
010690,화신,자동차부품
126640,화신정공,자동차부품
078590,휴림에이텍,자동차부품
453450,그리드위즈,전기유틸리티
015760,한국전력,전기유틸리티
051600,한전KPS,전기유틸리티
052690,한전기술,전기유틸리티
130660,한전산업,전기유틸리티
267260,HD현대일렉트릭,전기장비
024840,KBI메탈,전기장비
006260,LS,전기장비
010120,LS ELECTRIC,전기장비
229640,LS에코에너지,전기장비
260870,SK시그넷,전기장비
000500,가온전선,전기장비
017040,광명전기,전기장비
006340,대원전선,전기장비
006345,대원전선우,전기장비
001440,대한전선,전기장비
006910,보성파워텍,전기장비
126340,비나텍,전기장비
062040,산일전기,전기장비
294630,서남,전기장비
189860,서전기전,전기장비
178320,서진시스템,전기장비
007610,선도전기,전기장비
017510,세명전기,전기장비
217320,썬테크,전기장비
479960,위너스일렉,전기장비
208850,이비테크,전기장비
103590,일진전기,전기장비
015860,일진홀딩스,전기장비
147830,제룡산업,전기장비
033100,제룡전기,전기장비
199820,제일일렉트릭,전기장비
119850,지엔씨에너지,전기장비
388050,지투파워,전기장비
475430,키스트론,전기장비
125020,티씨머티리얼즈,전기장비
237750,피앤씨테크,전기장비
107640,한중엔시에스,전기장비
298040,효성중공업,전기장비
079810,APS이노베이션,전기제품
373220,LG에너지솔루션,전기제품
417200,LS머트리얼즈,전기제품
361610,SK아이이테크놀로지,전기제품
267320,나인테크,전기제품
012340,뉴인텍,전기제품
393970,대진첨단소재,전기제품
393890,더블유씨피,전기제품
079960,동양이엔피,전기제품
336260,두산퓨얼셀,전기제품
196490,디에이테크놀로지,전기제품
452200,민테크,전기제품
382900,범한퓨얼셀,전기제품
082920,비츠로셀,전기제품
042370,비츠로테크,전기제품
006400,삼성SDI,전기제품
006405,삼성SDI우,전기제품
005680,삼영전자,전기제품
009470,삼화전기,전기제품
001820,삼화콘덴서,전기제품
091580,상신이디피,전기제품
107600,새빗켐,전기제품
014910,성문전자,전기제품
014915,성문전자우,전기제품
458650,성우,전기제품
365340,성일하이텍,전기제품
043260,성호전자,전기제품
036830,솔브레인홀딩스,전기제품
416180,신성에스티,전기제품
187270,신화콘텍,전기제품
243840,신흥에스이씨,전기제품
222080,씨아이에스,전기제품
083930,아바코,전기제품
036010,아비코전자,전기제품
469750,아이비젼웍스,전기제품
042110,에스씨디,전기제품
288620,에스프리즘,전기제품
058610,에스피지,전기제품
148930,에이치와이티씨,전기제품
450080,에코프로머티,전기제품
247540,에코프로비엠,전기제품
348370,엔켐,전기제품
066970,엘앤에프,전기제품
413390,엠오티,전기제품
259630,엠플러스,전기제품
273640,와이엠텍,전기제품
217820,원익피앤이,전기제품
382840,원준,전기제품
043590,웰킵스하이텍,전기제품
240600,유진테크놀로지,전기제품
302430,이노메트리,전기제품
279060,이노벡스,전기제품
452400,이닉스,전기제품
232530,이엠티,전기제품
377330,이지트로닉스,전기제품
412540,제일엠앤에스,전기제품
382480,지아이텍,전기제품
278280,천보,전기제품
313760,캐리,전기제품
432470,케이엔에스,전기제품
126730,코칩,전기제품
037030,파워넷,전기제품
033790,피노,전기제품
002230,피에스텍,전기제품
137400,피엔티,전기제품
257370,피엔티엠에스,전기제품
378340,필에너지,전기제품
101670,하이드로리튬,전기제품
452190,한빛레이저,전기제품
071840,롯데하이마트,전문소매
080420,모다이노칩,전문소매
002420,세기상사,전문소매
178780,일월지엠엘,전문소매
064800,포니링크,전문소매
064240,홈캐스트,전문소매
011070,LG이노텍,전자장비와기기
225190,LK삼양,전자장비와기기
091340,S&K폴리텍,전자장비와기기
114190,강원에너지,전자장비와기기
098460,고영,전자장비와기기
017900,광전자,전자장비와기기
417010,나노팀,전자장비와기기
004270,남성,전자장비와기기
106520,노블엠앤비,전자장비와기기
085670,뉴프렉스,전자장비와기기
008060,대덕,전자장비와기기
353200,대덕전자,전자장비와기기
290670,대보마그네틱,전자장비와기기
078600,대주전자재료,전자장비와기기
032960,동일기연,전자장비와기기
109740,디에스케이,전자장비와기기
066900,디에이피,전자장비와기기
187220,디티앤씨,전자장비와기기
020150,롯데에너지머티리얼즈,전자장비와기기
446540,메가터치,전자장비와기기
033200,모아텍,전자장비와기기
038460,바이오스마트,전자장비와기기
046310,백금T&A,전자장비와기기
191600,블루탑,전자장비와기기
090460,비에이치,전자장비와기기
072950,빛샘전자,전자장비와기기
009150,삼성전기,전자장비와기기
009155,삼성전기우,전자장비와기기
361670,삼영에스앤씨,전자장비와기기
054090,삼진엘앤디,전자장비와기기
011230,삼화전자,전자장비와기기
263810,상신전자,전자장비와기기
089980,상아프론테크,전자장비와기기
027040,서울전자통신,전자장비와기기
396300,세아메카닉스,전자장비와기기
053450,세코닉스,전자장비와기기
347000,센코,전자장비와기기
238500,솔루믹스,전자장비와기기
336370,솔루스첨단소재,전자장비와기기
248070,솔루엠,전자장비와기기
236200,슈프리마,전자장비와기기
094840,슈프리마에이치큐,전자장비와기기
269620,시스웍,전자장비와기기
222800,심텍,전자장비와기기
036710,심텍홀딩스,전자장비와기기
004770,써니전자,전자장비와기기
081180,쎄크,전자장비와기기
143160,아이디스,전자장비와기기
368600,아이씨에이치,전자장비와기기
084850,아이티엠반도체,전자장비와기기
031330,에스에이엠티,전자장비와기기
464080,에스오에스랩,전자장비와기기
069510,에스텍,전자장비와기기
364950,에이아이코리아,전자장비와기기
015260,에이엔피,전자장비와기기
072990,에이치시티,전자장비와기기
044990,에이치엔에스하이텍,전자장비와기기
355690,에이텀,전자장비와기기
262260,에이프로,전자장비와기기
317770,엑스페릭스,전자장비와기기
333620,엔시스,전자장비와기기
347890,엠엑스온,전자장비와기기
057540,옴니시스템,전자장비와기기
082210,옵트론텍,전자장비와기기
209640,와이제이링크,전자장비와기기
011690,와이투솔루션,전자장비와기기
203450,유니온바이오메트릭스,전자장비와기기
340930,유일에너테크,전자장비와기기
372170,윤성에프앤씨,전자장비와기기
264850,이랜시스,전자장비와기기
131400,이브이첨단소재,전자장비와기기
007660,이수페타시스,전자장비와기기
101140,인바이오젠,전자장비와기기
083640,인콘,전자장비와기기
017250,인터엠,전자장비와기기
051370,인터플렉스,전자장비와기기
254120,자비스,전자장비와기기
090470,제이스로보틱스,전자장비와기기
060230,제이케이시냅스,전자장비와기기
493330,지에프아이,전자장비와기기
016920,카스,전자장비와기기
455180,케이지에이,전자장비와기기
089010,켐트로닉스,전자장비와기기
007815,코리아써우,전자장비와기기
007810,코리아써키트,전자장비와기기
360350,코셈,전자장비와기기
045520,크린앤사이언스,전자장비와기기
360070,탑머티리얼,전자장비와기기
323280,태성,전자장비와기기
052960,태양3C,전자장비와기기
055490,테이팩스,전자장비와기기
417790,트루엔,전자장비와기기
277880,티에스아이,전자장비와기기
368770,파이버프로,전자장비와기기
140860,파크시스템스,전자장비와기기
168360,펨트론,전자장비와기기
318020,포인트모바일,전자장비와기기
331380,포커스에이아이,전자장비와기기
370090,퓨런티어,전자장비와기기
161580,필옵틱스,전자장비와기기
299030,하나기술,전자장비와기기
004710,한솔테크닉스,전자장비와기기
320000,한울반도체,전자장비와기기
092300,현우산업,전자장비와기기
127980,화인써키트,전자장비와기기
066570,LG전자,전자제품
066575,LG전자우,전자제품
032540,TJ미디어,전자제품
078890,가온그룹,전자제품
009140,경인전자,전자제품
154040,다산솔루에타,전자제품
032750,삼진,전자제품
008700,아남전자,전자제품
297570,알로이스,전자제품
092600,앤씨앤,전자제품
089850,유비벨록스,전자제품
084730,팅크웨어,전자제품
038950,파인디지털,전자제품
115160,휴맥스,전자제품
028080,휴맥스홀딩스,전자제품
175140,휴먼테크놀로지,전자제품
058820,CMG제약,제약
195940,HK이노엔,제약
047920,HLB제약,제약
115450,HLB테라퓨틱스,제약
234080,JW생명과학,제약
067290,JW신약,제약
001060,JW중외제약,제약
001067,JW중외제약2우B,제약
001065,JW중외제약우,제약
096760,JW홀딩스,제약
302440,SK바이오사이언스,제약
326030,SK바이오팜,제약
053950,경남제약,제약
011040,경동제약,제약
214390,경보제약,제약
014570,고려제약,제약
009290,광동제약,제약
307750,국전,제약
002720,국제약품,제약
114450,그린생명과학,제약
950220,네오이뮨텍,제약
006280,녹십자,제약
234690,녹십자웰빙,제약
005250,녹십자홀딩스,제약
005257,녹십자홀딩스2우,제약
078140,대봉엘에스,제약
036480,대성미생물,제약
003090,대웅,제약
069620,대웅제약,제약
003220,대원제약,제약
054670,대한뉴팜,제약
023910,대한약품,제약
067080,대화제약,제약
299170,더블유에스아이,제약
006620,동구바이오제약,제약
086450,동국제약,제약
002210,동성제약,제약
000640,동아쏘시오홀딩스,제약
170900,동아에스티,제약
000020,동화약품,제약
176750,듀켐바이오,제약
223250,드림씨아이에스,제약
141080,리가켐바이오,제약
235980,메드팩토,제약
118000,메타케어,제약
017180,명문제약,제약
317450,명인제약,제약
142760,모아라이프플러스,제약
354390,바스칸바이오제약,제약
053030,바이넥스,제약
308080,바이젠셀,제약
323990,박셀바이오,제약
003850,보령,제약
310210,보로노이,제약
003000,부광약품,제약
082800,비보존 제약,제약
200780,비씨월드제약,제약
207940,삼성바이오로직스,제약
001360,삼성제약,제약
009300,삼아제약,제약
014950,삼익제약,제약
000520,삼일제약,제약
005500,삼진제약,제약
000250,삼천당제약,제약
378800,샤페론,제약
018680,서울제약,제약
008490,서흥,제약
471820,셀로맥스사이언스,제약
308430,셀비온,제약
068270,셀트리온,제약
068760,셀트리온제약,제약
215600,신라젠,제약
002800,신신제약,제약
012790,신일제약,제약
019170,신풍제약,제약
019175,신풍제약우,제약
900120,씨엑스아이,제약
359090,씨엔알리서치,제약
060590,씨티씨바이오,제약
261780,아리바이오랩,제약
074430,아미노로직스,제약
493280,아이엠바이오로직스,제약
309710,아이티켐,제약
001540,안국약품,제약
065660,안트로젠,제약
260660,알리코제약,제약
314140,알피바이오,제약
179530,애드바이오텍,제약
109960,앱토크롬,제약
246250,에스엘에스바이오,제약
237690,에스티팜,제약
203400,에이비온,제약
007460,에이프로젠,제약
003060,에이프로젠바이오로직스,제약
397030,에이프릴바이오,제약
140610,엔솔바이오사이언스,제약
183490,엔지켐생명과학,제약
432980,엠에프씨,제약
003520,영진약품,제약
475830,오름테라퓨틱,제약
039200,오스코텍,제약
476060,온코닉테라퓨틱스,제약
244460,올리패스,제약
131030,옵투스제약,제약
153710,옵티팜,제약
018620,우진비앤지,제약
330350,위더스제약,제약
033270,유나이티드제약,제약
000220,유유제약,제약
000225,유유제약1우,제약
000227,유유제약2우B,제약
000100,유한양행,제약
000105,유한양행우,제약
044960,이글벳,제약
424870,이뮨온시아,제약
086890,이수앱지스,제약
456070,이엔셀,제약
102460,이연제약,제약
389470,인벤티지랩,제약
287840,인투셀,제약
249420,일동제약,제약
000230,일동홀딩스,제약
003120,일성아이에스,제약
007570,일양약품,제약
007575,일양약품우,제약
271980,제일약품,제약
002620,제일파마홀딩스,제약
034940,조아제약,제약
185750,종근당,제약
063160,종근당바이오,제약
001630,종근당홀딩스,제약
072020,중앙백신,제약
314130,지놈앤컴퍼니,제약
204840,지엘팜텍,제약
456160,지투지바이오,제약
086060,진바이오텍,제약
007370,진양제약,제약
284620,카이노스메드,제약
041960,코미팜,제약
102940,코오롱생명과학,제약
365270,큐라클,제약
115180,큐리언트,제약
066700,테라젠이텍스,제약
200230,텔콘RF제약,제약
464280,티디에스팜,제약
321550,티움바이오,제약
288330,파라택시스코리아,제약
217950,파마리서치바이오,제약
004720,팜젠사이언스,제약
187660,페니트리움바이오,제약
041910,폴라리스AI파마,제약
341170,퓨쳐메디신,제약
220100,퓨쳐켐,제약
334970,프레스티지바이오로직스,제약
950210,프레스티지바이오파마,제약
296160,프로젠,제약
222670,플럼라인생명과학,제약
293480,하나제약,제약
106190,하이텍팜,제약
080720,한국유니온제약,제약
032300,한국파마,제약
002390,한독,제약
008930,한미사이언스,제약
128940,한미약품,제약
009420,한올바이오파마,제약
004310,현대약품,제약
061250,화일약품,제약
016580,환인제약,제약
200670,휴메딕스,제약
243070,휴온스,제약
084110,휴온스글로벌,제약
009540,HD한국조선해양,조선
267250,HD현대,조선
443060,HD현대마린솔루션,조선
071970,HD현대마린엔진,조선
329180,HD현대중공업,조선
101000,KS인더스트리,조선
077970,STX엔진,조선
108380,대양전기공업,조선
096350,대창솔루션,조선
439260,대한조선,조선
099410,동방선기,조선
054180,메디콕스,조선
032980,바이온,조선
010140,삼성중공업,조선
054540,삼영엠텍,조선
065570,삼영이엔씨,조선
075580,세진중공업,조선
060240,스타코링크,조선
103230,에스앤더블류,조선
085310,엔케이,조선
014940,오리엔탈정공,조선
101930,인화정공,조선
333430,일승,조선
073010,케이에스피,조선
217590,티엠씨,조선
017960,한국카본,조선
092460,한라IMS,조선
082740,한화엔진,조선
042660,한화오션,조선
460930,현대힘스,조선
002820,SUN&L,종이와목재
078130,국일제지,종이와목재
004540,깨끗한나라,종이와목재
004545,깨끗한나라우,종이와목재
009580,무림P&P,종이와목재
001810,무림SP,종이와목재
009200,무림페이퍼,종이와목재
006740,블루산업개발,종이와목재
000180,성창기업지주,종이와목재
185190,수프로,종이와목재
001020,페이퍼코리아,종이와목재
027970,한국제지,종이와목재
213500,한솔제지,종이와목재
034810,해성산업,종이와목재
016610,DB증권,증권
000680,LS네트웍스,증권
078020,LS증권,증권
005940,NH투자증권,증권
005945,NH투자증권우,증권
001510,SK증권,증권
001515,SK증권우,증권
030610,교보증권,증권
030210,다올투자증권,증권
023590,다우기술,증권
032190,다우데이타,증권
003540,대신증권,증권
003547,대신증권2우B,증권
003545,대신증권우,증권
138040,메리츠금융지주,증권
006800,미래에셋증권,증권
006805,미래에셋증권우,증권
001270,부국증권,증권
001275,부국증권우,증권
016360,삼성증권,증권
001290,상상인증권,증권
001720,신영증권,증권
003470,유안타증권,증권
003475,유안타증권우,증권
001200,유진투자증권,증권
003460,유화증권,증권
003465,유화증권우,증권
064820,케이프,증권
190650,코리아에셋투자증권,증권
039490,키움증권,증권
071050,한국금융지주,증권
071055,한국금융지주우,증권
001750,한양증권,증권
001755,한양증권우,증권
003530,한화투자증권,증권
003535,한화투자증권우,증권
001500,현대차증권,증권
477760,DB금융스팩12호,창업투자
241520,DSC인베스트먼트,창업투자
440290,HB인베스트먼트,창업투자
467930,IBKS제23호스팩,창업투자
469480,IBKS제24호스팩,창업투자
464680,KB제27호스팩,창업투자
478390,KB제29호스팩,창업투자
486630,KB제30호스팩,창업투자
492220,KB제31호스팩,창업투자
309960,LB인베스트먼트,창업투자
019550,SBI인베스트먼트,창업투자
289080,SV인베스트먼트,창업투자
246690,TS인베스트먼트,창업투자
465320,교보15호스팩,창업투자
482520,교보16호스팩,창업투자
489210,교보17호스팩,창업투자
293580,나우IB,창업투자
027830,대성창투,창업투자
471050,대신밸런스제17호스팩,창업투자
482690,대신밸런스제19호스팩,창업투자
489730,디비금융제13호스팩,창업투자
277070,린드먼아시아,창업투자
100790,미래에셋벤처투자,창업투자
477380,미래에셋비전스팩4호,창업투자
477470,미래에셋비전스팩5호,창업투자
478440,미래에셋비전스팩6호,창업투자
482680,미래에셋비전스팩7호,창업투자
330730,스톤브릿지벤처스,창업투자
026890,스틱인베스트먼트,창업투자
472220,신영스팩10호,창업투자
474660,신한제12호스팩,창업투자
474930,신한제13호스팩,창업투자
487360,신한제14호스팩,창업투자
487830,신한제15호스팩,창업투자
496070,신한제16호스팩,창업투자
027360,아주IB투자,창업투자
472230,에스케이증권제11호스팩,창업투자
473000,에스케이증권제12호스팩,창업투자
473950,에스케이증권제13호스팩,창업투자
477340,에이치엠씨제7호스팩,창업투자
021080,에이티넘인베스트,창업투자
451700,엔에이치스팩29호,창업투자
481890,엔에이치스팩31호,창업투자
041190,우리기술투자,창업투자
473050,유안타제15호스팩,창업투자
474490,유안타제16호스팩,창업투자
493790,유안타제17호스팩,창업투자
468760,유진스팩10호,창업투자
488060,유진스팩11호,창업투자
478110,이베스트스팩6호,창업투자
452300,캡스톤파트너스,창업투자
307930,컴퍼니케이,창업투자
016600,큐캐피탈,창업투자
487720,키움제10호스팩,창업투자
489480,키움제11호스팩,창업투자
466690,키움히어로제1호스팩,창업투자
019570,플루토스,창업투자
469880,하나30호스팩,창업투자
469900,하나31호스팩,창업투자
475240,하나32호스팩,창업투자
475250,하나33호스팩,창업투자
484130,하나34호스팩,창업투자
464440,한국제13호스팩,창업투자
479880,한국제15호스팩,창업투자
498390,한화플러스제5호스팩,창업투자
000590,CS홀딩스,철강
069730,DSR제강,철강
008970,KBI동양철관,철강
016380,KG스틸,철강
001940,KISCO홀딩스,철강
005490,POSCO홀딩스,철강
001770,SHD,철강
002710,TCC스틸,철강
039240,경남스틸,철강
002240,고려제강,철강
026910,광진실업,철강
053260,금강철강,철강
092790,넥스틸,철강
048470,대동스틸,철강
009190,대양금속,철강
140520,대창스틸,철강
084010,대한제강,철강
021040,대호특수강,철강
021045,대호특수강우,철강
005160,동국산업,철강
460850,동국씨엠,철강
460860,동국제강,철강
001230,동국홀딩스,철강
060380,동양에스텍,철강
004890,동일산업,철강
023790,동일스틸럭스,철강
002690,동일제강,철강
001080,만호제강,철강
008420,문배철강,철강
026940,부국철강,철강
017480,삼현철강,철강
001430,세아베스틸지주,철강
306200,세아제강,철강
003030,세아제강지주,철강
058650,세아홀딩스,철강
162300,신스틸,철강
037760,쎄니트,철강
139990,아주스틸,철강
012160,영흥,철강
012620,원일특강,철강
263770,유에스티,철강
023440,제이스코홀딩스,철강
120030,조선선재,철강
176590,코나솔,철강
009520,포스코엠텍,철강
071090,하이스틸,철강
025550,한국선재,철강
025890,한국주강,철강
000970,한국주철관,철강
104700,한국철강,철강
007280,한국특강,철강
002220,한일철강,철강
004020,현대제철,철강
133820,화인베스틸,철강
005010,휴스틸,철강
418470,KT밀리의서재,출판
263720,디앤씨미디어,출판
068290,삼성출판사,출판
084180,수성웹툰,출판
127710,아시아경제,출판
036000,예림당,출판
432430,와이랩,출판
016880,웅진,출판
029780,삼성카드,카드
031860,디에이치엑스컴퍼니,컴퓨터와주변기기
043360,디지아이,컴퓨터와주변기기
131180,딜리,컴퓨터와주변기기
093190,빅솔론,컴퓨터와주변기기
004920,씨아이테크,컴퓨터와주변기기
054800,아이디스홀딩스,컴퓨터와주변기기
332370,아이디피,컴퓨터와주변기기
129890,앱코,컴퓨터와주변기기
096690,에이루트,컴퓨터와주변기기
045660,에이텍,컴퓨터와주변기기
224110,에이텍모빌리티,컴퓨터와주변기기
032790,엠젠솔루션,컴퓨터와주변기기
049480,오픈베이스,컴퓨터와주변기기
046970,우리로,컴퓨터와주변기기
049550,잉크테크,컴퓨터와주변기기
033320,제이씨현시스템,컴퓨터와주변기기
044380,주연테크,컴퓨터와주변기기
089150,케이씨티,컴퓨터와주변기기
065690,파커스,컴퓨터와주변기기
094940,푸른로보틱스,컴퓨터와주변기기
051380,피씨디렉트,컴퓨터와주변기기
065650,하이퍼코퍼레이션,컴퓨터와주변기기
211270,AP위성,통신장비
065770,CS,통신장비
099520,DGI,통신장비
073490,LIG아큐버,통신장비
218410,RFHIC,통신장비
049080,기가레인,통신장비
340360,다보링크,통신장비
039560,다산네트웍스,통신장비
010170,대한광통신,통신장비
043090,더테크놀로지,통신장비
317120,라닉스,통신장비
388790,라이콤,통신장비
900260,로스웰,통신장비
100590,머큐리,통신장비
069540,빛과전자,통신장비
037460,삼지전자,통신장비
061090,세나테크놀로지,통신장비
321370,센서뷰,통신장비
050890,쏠리드,통신장비
177900,쓰리에이로직스,통신장비
245450,씨앤에스링크,통신장비
456010,아이씨티케이,통신장비
031310,아이즈비전,통신장비
052460,아이크래프트,통신장비
148250,알엔투테크놀로지,통신장비
088800,에이스테크,통신장비
230240,에치에프알,통신장비
073540,에프알텍,통신장비
019490,엑시큐어하이트론,통신장비
059180,엔더블유시,통신장비
192410,오늘이엔엠,통신장비
138080,오이솔루션,통신장비
109080,옵티시스,통신장비
380540,옵티코어,통신장비
115440,우리넷,통신장비
264450,유비쿼스,통신장비
078070,유비쿼스홀딩스,통신장비
215790,이노인스트루먼트,통신장비
189300,인텔리안테크,통신장비
389020,자람테크놀로지,통신장비
033240,자화전자,통신장비
051980,중앙첨단소재,통신장비
140430,카티스,통신장비
032500,케이엠더블유,통신장비
036690,코맥스,통신장비
189350,코셋,통신장비
056360,코위버,통신장비
015710,코콤,통신장비
346010,타이드,통신장비
170790,파이오링크,통신장비
062970,한국첨단소재,통신장비
091440,한울소재과학,통신장비
489790,한화비전,통신장비
039010,현대에이치티,통신장비
278990,EMB,판매업체
003580,HLB글로벌,판매업체
051390,YW,판매업체
019660,글로본,판매업체
032860,더라미,판매업체
063170,서울옥션,판매업체
007720,소노스퀘어,판매업체
052020,에스티큐브,판매업체
064090,인크레더블버즈,판매업체
051160,지어소프트,판매업체
102370,케이옥션,판매업체
009810,플레이그램,판매업체
039740,한국정보공학,판매업체
004250,NPC,포장재
004255,NPC우,포장재
008870,금비,포장재
004780,대륙제관,포장재
017650,대림제지,포장재
014160,대영포장,포장재
014820,동원시스템즈,포장재
014825,동원시스템즈우,포장재
016100,리더스코스메틱,포장재
014970,삼륭물산,포장재
023600,삼보판지,포장재
272550,삼양패키징,포장재
004450,삼화왕관,포장재
340440,세림B&G,포장재
049830,승일,포장재
016590,신대양제지,포장재
002870,신풍,포장재
002310,아세아제지,포장재
460870,에스엠씨지,포장재
005820,원림,포장재
008730,율촌화학,포장재
011280,태림포장,포장재
251970,펌텍코리아,포장재
002200,한국수출포장,포장재
037230,한국팩키지,포장재
009460,한창제지,포장재
263920,휴엠앤씨,포장재
003490,대한항공,항공사
003495,대한항공우,항공사
020560,아시아나항공,항공사
298690,에어부산,항공사
089590,제주항공,항공사
272450,진에어,항공사
091810,트리니티항공,항공사
180640,한진칼,항공사
000120,CJ대한통운,항공화물운송과물류
009070,KCTC,항공화물운송과물류
004140,동방,항공화물운송과물류
033290,로젠,항공화물운송과물류
223220,로지스몬,항공화물운송과물류
032280,삼일,항공화물운송과물류
004360,세방,항공화물운송과물류
004365,세방우,항공화물운송과물류
000700,유수홀딩스,항공화물운송과물류
009180,한솔로지스틱스,항공화물운송과물류
014130,한익스프레스,항공화물운송과물류
002320,한진,항공화물운송과물류
086280,현대글로비스,항공화물운송과물류
011200,HMM,해운사
044450,KSS해운,해운사
465770,STX그린로지스,해운사
005880,대한해운,해운사
067900,와이엔텍,해운사
129260,인터지스,해운사
109070,주성코퍼레이션,해운사
124560,태웅로직스,해운사
054300,팬스타엔터프라이즈,해운사
028670,팬오션,해운사
003280,흥아해운,해운사
060720,KH바텍,핸드셋
332570,PS일렉트로닉스,핸드셋
190510,나무가,핸드셋
285490,노바텍,핸드셋
263600,덕우전자,핸드셋
192650,드림텍,핸드셋
290550,디케이티,핸드셋
066670,디티씨,핸드셋
073570,리튬포어스,핸드셋
193250,링크드,핸드셋
093920,서원인텍,핸드셋
081580,성우전자,핸드셋
148150,세경하이테크,핸드셋
192440,슈피겐코리아,핸드셋
025320,시노펙스,핸드셋
088280,쏘닉스,핸드셋
376290,씨유테크,핸드셋
357580,아모센스,핸드셋
052710,아모텍,핸드셋
101390,아이엠,핸드셋
061040,알에프텍,핸드셋
123010,알엔티엑스,핸드셋
459550,알트,핸드셋
290740,액트로,핸드셋
238090,앤디포스,핸드셋
060540,에스에이티,핸드셋
096630,에스코넥,핸드셋
070300,엑스큐어,핸드셋
373200,엑스플러스,핸드셋
037950,엘컴텍,핸드셋
097520,엠씨넥스,핸드셋
000670,영풍,핸드셋
122990,와이솔,핸드셋
065680,우주일렉트로,핸드셋
459100,위츠,핸드셋
049520,유아이엘,핸드셋
179900,유티아이,핸드셋
054210,이랜텍,핸드셋
115610,이미지스,핸드셋
091120,이엠텍,핸드셋
049070,인탑스,핸드셋
049630,재영솔루텍,핸드셋
204270,제이앤티씨,핸드셋
198080,캐프,핸드셋
050110,캠시스,핸드셋
079190,케스피온,핸드셋
106080,케이이엠텍,핸드셋
258610,케일럼,핸드셋
045970,코아시아,핸드셋
196450,코아시아씨엠,핸드셋
065130,탑엔지니어링,핸드셋
047310,파워로직스,핸드셋
441270,파인엠텍,핸드셋
091700,파트론,핸드셋
271830,팸텍,핸드셋
208710,포톤,핸드셋
126700,하이비젼시스템,핸드셋
076610,해성옵틱스,핸드셋
114090,GKL,"호텔,레스토랑,레저"
499790,GS피앤엘,"호텔,레스토랑,레저"
035250,강원랜드,"호텔,레스토랑,레저"
215000,골프존,"호텔,레스토랑,레저"
111710,남화산업,"호텔,레스토랑,레저"
104620,노랑풍선,"호텔,레스토랑,레저"
475560,더본코리아,"호텔,레스토랑,레저"
032350,롯데관광개발,"호텔,레스토랑,레저"
070960,모나용평,"호텔,레스토랑,레저"
080160,모두투어,"호텔,레스토랑,레저"
019010,베뉴지,"호텔,레스토랑,레저"
006730,서부T&D,"호텔,레스토랑,레저"
020710,시공테크,"호텔,레스토랑,레저"
031440,신세계푸드,"호텔,레스토랑,레저"
025980,아난티,"호텔,레스토랑,레저"
094850,참좋은여행,"호텔,레스토랑,레저"
363280,티와이홀딩스,"호텔,레스토랑,레저"
034230,파라다이스,"호텔,레스토랑,레저"
039130,하나투어,"호텔,레스토랑,레저"
083660,CSA 코스믹,화장품
051900,LG생활건강,화장품
051905,LG생활건강우,화장품
168330,내츄럴엔도텍,화장품
092730,네오팜,화장품
137940,넥스트아이,화장품
317860,노드메이슨,화장품
483650,달바글로벌,화장품
219550,디와이디,화장품
214260,라파스,화장품
439090,마녀공장,화장품
014100,메디앙스,화장품
489460,바이오비쥬,화장품
226340,본느,화장품
406820,뷰티스킨,화장품
018290,브이티,화장품
451250,삐아,화장품
086710,선진뷰티사이언스,화장품
252500,세화피앤씨,화장품
318160,셀바이오휴먼텍,화장품
352480,씨앤씨인터내셔널,화장품
260930,씨티케이,화장품
090430,아모레퍼시픽,화장품
090435,아모레퍼시픽우,화장품
002790,아모레퍼시픽홀딩스,화장품
002795,아모레퍼시픽홀딩스우,화장품
227610,아우딘퓨쳐스,화장품
175250,아이큐어,화장품
114840,아이패밀리에스씨,화장품
018250,애경산업,화장품
217480,에스디생명공학,화장품
270210,에스알바이오텍,화장품
078520,에이블씨엔씨,화장품
453860,에이에스텍,화장품
278470,에이피알,화장품
159910,에코글로우,화장품
265740,엔에프씨,화장품
900300,오가닉티코스메틱,화장품
032940,원익,화장품
344860,이노진,화장품
226320,잇츠한불,화장품
950140,잉글우드랩,화장품
123330,제닉,화장품
159580,제로투세븐,화장품
420570,제이투케이바이오,화장품
018700,졸스,화장품
250030,진코스텍,화장품
025620,차AI헬스케어,화장품
900310,컬러레이,화장품
080530,코디,화장품
027050,코리아나,화장품
082660,코스나인,화장품
192820,코스맥스,화장품
241710,코스메카코리아,화장품
024720,콜마홀딩스,화장품
237880,클리오,화장품
214420,토니모리,화장품
161890,한국콜마,화장품
123690,한국화장품,화장품
003350,한국화장품제조,화장품
048410,현대바이오,화장품
052260,현대바이오랜드,화장품
126560,현대퓨처넷,화장품
006840,AK홀딩스,화학
027410,BGF,화학
126600,BGF에코머티리얼즈,화학
000210,DL,화학
000215,DL우,화학
004840,DRB동일,화학
017860,DS단석,화학
900290,GRT,화학
036640,HRS,화학
298050,HS효성첨단소재,화학
318000,KBG,화학
025000,KPX케미칼,화학
092230,KPX홀딩스,화학
051910,LG화학,화학
051915,LG화학우,화학
456040,OCI,화학
010060,OCI홀딩스,화학
178920,PI첨단소재,화학
001340,PKC,화학
003080,SB성보,화학
002360,SH에너지화학,화학
011790,SKC,화학
285130,SK케미칼,화학
069260,TKG휴켐스,화학
024070,WISCOM,화학
002100,경농,화학
012610,경인양행,화학
007690,국도화학,화학
083420,그린케미칼,화학
001570,금양,화학
011780,금호석유화학,화학
011785,금호석유화학우,화학
187790,나노,화학
121600,나노신소재,화학
286750,나노실리칸첨단소재,화학
247660,나노씨엠에스,화학
091970,나노캠텍,화학
025860,남해화학,화학
332290,누보,화학
120240,대정화금,화학
006650,대한유화,화학
003830,대한화섬,화학
023450,동남합성,화학
007590,동방아그로,화학
102260,동성케미컬,화학
033500,동성화인텍,화학
163560,동일고무벨트,화학
294140,레몬,화학
281740,레이크머티리얼즈,화학
004000,롯데정밀화학,화학
011170,롯데케미칼,화학
002840,미원상사,화학
268280,미원에스씨,화학
107590,미원홀딩스,화학
134380,미원화학,화학
003650,미창석유,화학
036670,삼양케이씨아이,화학
000070,삼양홀딩스,화학
003720,삼영,화학
002810,삼영무역,화학
027580,상보,화학
357550,석경에이티,화학
013000,세우글로벌,화학
004430,송원산업,화학
115570,스타플렉스,화학
222420,쎄노텍,화학
103660,씨앗,화학
101240,씨큐브,화학
125210,아모그린텍,화학
136410,아셈스,화학
066430,아이로보틱스,화학
161000,애경케미칼,화학
217910,에스제이켐,화학
050760,에스폴리텍,화학
163280,에어레인,화학
101360,에코앤드림,화학
086520,에코프로,화학
048830,엔피케이,화학
014440,영보화학,화학
045060,오공,화학
251370,와이엠티,화학
104830,원익머트리얼즈,화학
014190,원익큐브,화학
008370,원풍,화학
196700,웹스,화학
014830,유니드,화학
457190,이수스페셜티케미컬,화학
005950,이수화학,화학
000760,이화산업,화학
352940,인바이오,화학
001550,조비,화학
003780,진양산업,화학
010640,진양폴리,화학
051630,진양화학,화학
285800,진영,화학
006380,카프로,화학
221980,케이디켐,화학
042040,케이피엠테크,화학
220260,켐트로스,화학
005070,코스모신소재,화학
005420,코스모화학,화학
120110,코오롱인더,화학
120115,코오롱인더우,화학
006890,태경케미컬,화학
003240,태광산업,화학
104480,티케이케미칼,화학
005690,파미셀,화학
003670,포스코퓨처엠,화학
023900,풍국주정,화학
004090,한국석유,화학
002960,한국쉘석유,화학
017890,한국알콜,화학
011500,한농화성,화학
014680,한솔케미칼,화학
007770,한일화학,화학
097870,효성오앤비,화학
298000,효성화학,화학
093370,후성,화학
